-- Drop tables if they exist
DROP TABLE IF EXISTS order_items, orders, products, customers CASCADE;

-- Create customers table
CREATE TABLE customers (
    id UUID PRIMARY KEY,
    first_name VARCHAR(50),
    last_name VARCHAR(50),
    email VARCHAR(100)
);

-- Create products table
CREATE TABLE products (
    id UUID PRIMARY KEY,
    name VARCHAR(100),
    price DECIMAL(10, 2),
    stock INT
);

-- Create orders table
CREATE TABLE orders (
    id UUID PRIMARY KEY,
    customer_id UUID REFERENCES customers(id),
    order_date DATE,
    total_amount DECIMAL(10, 2)
);

-- Create order_items table
CREATE TABLE order_items (
    id UUID PRIMARY KEY,
    order_id UUID REFERENCES orders(id),
    product_id UUID REFERENCES products(id),
    quantity INT
);

-- Insert data into customers
INSERT INTO customers (id, first_name, last_name, email) VALUES
('325b1c98-c485-4cb0-b5a2-0886825ffb15', 'Diana', 'Williams', 'diana.williams@shop.com'),
('9b7846eb-201c-470a-a1be-23337c70b552', 'Alice', 'Johnson', 'alice.johnson@shop.com'),
('6f5198b2-b747-47a8-a0b7-b0d0b1392f19', 'Diana', 'Smith', 'diana.smith@example.com'),
('5aa03892-c7d7-4a29-a1ab-b8f15953c68e', 'Charlie', 'Jones', 'charlie.jones@shop.com'),
('1ed14976-e36b-4336-a7b1-41246fa670b6', 'Bob', 'Williams', 'bob.williams@example.com'),
('c635ee6f-a3ac-4489-9b31-a6f11da5a66e', 'Alice', 'Smith', 'alice.smith@shop.com'),
('90ad2a48-b6ec-4d4d-a0be-0e9baa70af27', 'Alice', 'Williams', 'alice.williams@store.com'),
('fc56a7dd-0916-4ef3-b5f1-71e834e667a7', 'Jane', 'Johnson', 'jane.johnson@example.com'),
('61ca36fe-9884-4850-8c21-2b90b48c312a', 'Alice', 'Johnson', 'alice.johnson@shop.com'),
('6e4c5c99-343e-4ed9-a474-e8df7bdef0ec', 'Charlie', 'Doe', 'charlie.doe@store.com'),
('694e7525-10df-4594-990f-9501d44c62fc', 'Bob', 'Jones', 'bob.jones@shop.com'),
('7539e477-a80b-4972-b9cd-f903f8005557', 'Jane', 'Johnson', 'jane.johnson@example.com'),
('6b92f921-fe76-458c-a6ef-d3895bee2e23', 'Diana', 'Williams', 'diana.williams@example.com'),
('d21abe92-7050-4b09-84e7-98a447847725', 'Alice', 'Doe', 'alice.doe@example.com'),
('cdb047b5-b20f-4594-92f0-4d21f99db1ca', 'Alice', 'Brown', 'alice.brown@store.com'),
('fa9533cb-59ce-4999-991f-44496edc73ac', 'Bob', 'Williams', 'bob.williams@shop.com'),
('c016f7e0-514d-4faf-8b8f-6f3b2dedafe6', 'Charlie', 'Smith', 'charlie.smith@store.com'),
('c9061bd6-a65a-45a8-9d34-691a75190f08', 'Alice', 'Doe', 'alice.doe@example.com'),
('36886782-800d-43f4-9fe6-df0fd4b48286', 'Charlie', 'Williams', 'charlie.williams@store.com'),
('a0a7c1b6-d993-434d-ba7b-e43b13bbca0f', 'Alice', 'Brown', 'alice.brown@example.com'),
('6479864c-fc85-4900-bb32-995c405c76e1', 'Jane', 'Jones', 'jane.jones@shop.com'),
('e00abff7-d93f-49de-b28a-2343bd1e72f8', 'Charlie', 'Williams', 'charlie.williams@example.com'),
('924b6b6e-92c4-4767-ab71-1decebd256ae', 'Jane', 'Jones', 'jane.jones@store.com'),
('b378aa3e-7b79-415f-8cac-b394a1af30bb', 'Bob', 'Smith', 'bob.smith@store.com'),
('af49ccda-1f8f-47e8-be6d-4d5053e86b3b', 'John', 'Williams', 'john.williams@store.com'),
('f459df3d-5f7a-44fa-9b4e-7a72bd66b107', 'Bob', 'Brown', 'bob.brown@shop.com'),
('0e537c9e-65b6-4457-8de0-dc7fb84eb8e7', 'Diana', 'Smith', 'diana.smith@example.com'),
('6e5fd832-8acb-4fca-8966-fcc6694b4879', 'Bob', 'Johnson', 'bob.johnson@shop.com'),
('15b95f9f-16c6-41aa-941e-da23e919b6cc', 'Diana', 'Jones', 'diana.jones@store.com'),
('1c52a81f-35c8-4281-948d-68c044d93831', 'Charlie', 'Johnson', 'charlie.johnson@store.com'),
('1fd64cf4-0fac-40b8-abb0-094a5d5ea6cf', 'Alice', 'Smith', 'alice.smith@example.com'),
('760ba6e6-768f-4e93-97f5-8bd90126a0ae', 'Bob', 'Smith', 'bob.smith@example.com'),
('0e819c5f-264c-4a87-addd-0f5855202c36', 'Alice', 'Smith', 'alice.smith@shop.com'),
('7abc70b2-ab51-4ab4-ba73-48b141e7c5ac', 'Jane', 'Jones', 'jane.jones@store.com'),
('df302644-e878-44ae-994c-d5f828f74ee7', 'Charlie', 'Jones', 'charlie.jones@store.com'),
('908a818e-6e2c-4859-b8f6-4e91e06db20b', 'Bob', 'Johnson', 'bob.johnson@example.com'),
('428a536f-f2a9-46cf-b4e2-662c16243df6', 'Diana', 'Williams', 'diana.williams@example.com'),
('9c2beb64-f14b-4b57-937c-7a9ec5105cf9', 'Alice', 'Smith', 'alice.smith@shop.com'),
('00c66e59-0a12-4447-a8f2-067812c39c95', 'Diana', 'Doe', 'diana.doe@shop.com'),
('f41e9a21-a7a9-4086-9d36-d03b0845d14d', 'Alice', 'Williams', 'alice.williams@shop.com'),
('265a763b-abb0-4167-8ba3-0f34a93cab65', 'John', 'Smith', 'john.smith@store.com'),
('8f946634-8bac-49ab-8950-a18fe9a62e7a', 'Charlie', 'Johnson', 'charlie.johnson@example.com'),
('117aecd3-85cf-49a0-bf40-22818cc32995', 'John', 'Williams', 'john.williams@example.com'),
('3e0315b8-ed11-441c-8b03-925b798bfb00', 'Jane', 'Brown', 'jane.brown@shop.com'),
('7bcbf73b-3efe-48c5-849b-d06adf2ce0db', 'Jane', 'Johnson', 'jane.johnson@store.com'),
('c51829db-0d59-40fa-98aa-ba5c78321b1d', 'Jane', 'Jones', 'jane.jones@example.com'),
('c450236f-25b9-4577-ab05-a74cf51af09c', 'Jane', 'Doe', 'jane.doe@store.com'),
('e055d02a-b920-4dd0-89b5-654f06565905', 'Diana', 'Williams', 'diana.williams@shop.com'),
('3eeb8b1b-a669-4a16-a737-f401ac0a841d', 'Diana', 'Williams', 'diana.williams@store.com'),
('4bdf5e5b-57ef-4ee5-bc34-ec255cf81108', 'Charlie', 'Smith', 'charlie.smith@store.com'),
('dc78aa92-90f4-4af9-ae53-1d2f92152dc7', 'Diana', 'Brown', 'diana.brown@example.com'),
('6680243b-6ed4-46a5-a62b-340bcc26a52a', 'Alice', 'Brown', 'alice.brown@example.com'),
('a5a51ccc-d26a-4d59-9508-a1c89d1d31b7', 'Alice', 'Brown', 'alice.brown@shop.com'),
('8e0926f1-7006-4343-b382-cad97116524a', 'Alice', 'Brown', 'alice.brown@shop.com'),
('640fcb52-bf93-4bc7-8935-e993e21d2b9b', 'John', 'Smith', 'john.smith@shop.com'),
('e09a6d50-ff69-419f-aea4-b0d2f543dcbf', 'Jane', 'Smith', 'jane.smith@example.com'),
('e2f11720-a2cf-423c-afc0-f7f091c7b872', 'Jane', 'Brown', 'jane.brown@store.com'),
('418ee510-638d-4ef3-8a5a-62a49b4e7951', 'Alice', 'Doe', 'alice.doe@store.com'),
('3b811ecd-34da-4f5d-acb4-5792b89f1d80', 'Bob', 'Williams', 'bob.williams@shop.com'),
('1b695983-20c0-4d84-bed5-d3265a0b9000', 'Diana', 'Doe', 'diana.doe@shop.com'),
('0100d826-1b9a-4882-9518-cc328a7e7070', 'Diana', 'Doe', 'diana.doe@example.com'),
('b4fa65c3-251c-4828-8bc0-6f4dbe6a946d', 'Charlie', 'Johnson', 'charlie.johnson@example.com'),
('378a350a-ec51-4a0b-bda9-d8be9867d3f5', 'Bob', 'Johnson', 'bob.johnson@shop.com'),
('1a1ea24e-b6df-4c10-9bf7-ae2ff31a5d08', 'John', 'Smith', 'john.smith@shop.com'),
('3752e074-2a83-4f09-8f0b-43caa7933ce2', 'Diana', 'Brown', 'diana.brown@store.com'),
('9537ce78-72a1-4373-8c63-2bf336d53204', 'John', 'Johnson', 'john.johnson@store.com'),
('38a5bfcc-720e-4708-9107-80d8377ced76', 'Charlie', 'Smith', 'charlie.smith@shop.com'),
('31048f8c-f21d-4a62-a5ea-77f5473080d9', 'Diana', 'Johnson', 'diana.johnson@example.com'),
('25502fbd-3e95-431f-b5e4-9c02f46f281e', 'Diana', 'Doe', 'diana.doe@shop.com'),
('76d804a7-aea3-4cd6-a2a1-db05a620d222', 'Jane', 'Jones', 'jane.jones@shop.com'),
('c6927434-4f37-4481-968a-f306f9d173ab', 'Diana', 'Smith', 'diana.smith@shop.com'),
('884107dc-dbcd-4b32-bcc3-7f0576afc490', 'Alice', 'Smith', 'alice.smith@store.com'),
('18eaa99c-ff01-4d3f-afd6-ea24a82db646', 'Alice', 'Brown', 'alice.brown@shop.com'),
('9389dfc1-a1cc-4a92-86fd-0002b5bc9e4e', 'Diana', 'Smith', 'diana.smith@example.com'),
('1ebd3578-4bd3-4b2f-aa52-92f2fbc984b3', 'Bob', 'Smith', 'bob.smith@shop.com'),
('0f48b64d-d78e-4e74-a8b1-2f96b1bb7852', 'Jane', 'Williams', 'jane.williams@shop.com'),
('10fdc2ec-482b-41f7-aa23-f20542f8f008', 'Alice', 'Jones', 'alice.jones@shop.com'),
('a15be9b9-345a-47c9-b018-57d2a85d7c58', 'Alice', 'Brown', 'alice.brown@shop.com'),
('45481d47-21eb-4fcb-b2b0-0467c095fb93', 'John', 'Johnson', 'john.johnson@store.com'),
('6b332bfd-05df-4ca1-bc9b-06e59f98c338', 'Jane', 'Jones', 'jane.jones@store.com'),
('4d1057e3-fd51-4387-835d-aa53dd5f2141', 'Jane', 'Johnson', 'jane.johnson@store.com'),
('1e4856ed-eaf9-4d5a-b992-113a14176ce9', 'John', 'Doe', 'john.doe@example.com'),
('f326bd7d-cfc5-4216-bb39-7c0ce065075f', 'Diana', 'Jones', 'diana.jones@shop.com'),
('9871b562-e8db-4681-9b06-dad6defaf392', 'Bob', 'Smith', 'bob.smith@store.com'),
('56a90310-dea5-466b-a14f-59f84339038a', 'Jane', 'Johnson', 'jane.johnson@example.com'),
('0e4d2698-f0f5-4417-a34e-7f60071e3154', 'Diana', 'Doe', 'diana.doe@example.com'),
('3f1e3da5-f6dc-4069-a894-1b7ea83b8790', 'John', 'Johnson', 'john.johnson@store.com'),
('746f3a49-d125-436c-b93c-6a2d9f5523b3', 'Alice', 'Brown', 'alice.brown@shop.com'),
('95b978ad-a8b5-4c3c-ba53-d8dff3c495d8', 'Alice', 'Brown', 'alice.brown@shop.com'),
('99408625-0d8e-4749-928d-b934be8122d9', 'Diana', 'Brown', 'diana.brown@example.com'),
('cd1335d1-5378-4b6b-b591-86bdc1bcafe7', 'Charlie', 'Williams', 'charlie.williams@store.com'),
('56fdabdd-8847-4deb-b374-e1f8e36dc223', 'Diana', 'Smith', 'diana.smith@store.com'),
('e165a012-21be-4dd6-8685-deb33669c133', 'John', 'Smith', 'john.smith@store.com'),
('ada41452-f369-4cec-99aa-b7c66731bf92', 'John', 'Smith', 'john.smith@store.com'),
('bee3ee39-9cc8-4d00-8f0f-04b049d7715f', 'Diana', 'Johnson', 'diana.johnson@example.com'),
('a3137a1e-160f-42b7-bc35-5016a3b5efaf', 'Jane', 'Doe', 'jane.doe@store.com'),
('73a0726f-b38c-467b-a8c0-c1e586d6fc29', 'Bob', 'Smith', 'bob.smith@store.com'),
('c87d2bd8-f289-458d-a34a-da2ff6be0512', 'Jane', 'Johnson', 'jane.johnson@shop.com'),
('15e5edae-235f-4860-aec8-81909b835b80', 'John', 'Jones', 'john.jones@store.com'),
('d4f192f9-6b2d-4e18-9876-90e3c2743c37', 'Jane', 'Smith', 'jane.smith@store.com');

-- Insert data into products
INSERT INTO products (id, name, price, stock) VALUES
('2650fec4-d003-4a30-b479-4fe036ae14ba', 'Product 1', 126.2, 637),
('50d1fe01-c303-42c2-930c-9cc34ebbe8c1', 'Product 2', 194.49, 159),
('fd1834d6-f969-45ea-841c-c10f254b03e9', 'Product 3', 390.53, 396),
('a0dd2d60-d88d-46b4-b5a6-ba3351b5cd0f', 'Product 4', 98.66, 122),
('89a48805-1189-45c1-b561-0caa92b6e258', 'Product 5', 146.73, 994),
('2935e856-308d-4ca6-987a-251d11dd5dc8', 'Product 6', 360.74, 400),
('51b00103-2836-4c1e-92c7-8a0d120b2c28', 'Product 7', 72.74, 823),
('1ba9f825-ebfd-4af1-9c59-f78e9fdd9e03', 'Product 8', 80.14, 889),
('2248e0b5-29da-497f-8acc-1dc2b5da05cb', 'Product 9', 87.54, 970),
('10750a69-fbd6-47da-af13-93a44374bcb9', 'Product 10', 162.71, 619),
('e0e6ade3-06ce-49b4-8607-802e57a05044', 'Product 11', 468.56, 613),
('99c01bc4-c283-48ab-98a4-4ae1f4247de2', 'Product 12', 112.71, 832),
('102ebce7-204c-4341-872a-c69d25a792a8', 'Product 13', 5.13, 330),
('202d5224-292e-459d-a076-b1d16772d77e', 'Product 14', 191.3, 762),
('17cec8b3-e5f1-44a5-85db-83104166d7f5', 'Product 15', 75.58, 673),
('1468be1c-6f9b-4493-b0c1-30c7aee921c1', 'Product 16', 36.94, 124),
('3fc9b610-bb85-4895-9a74-486ec4e0b2a0', 'Product 17', 17.59, 198),
('9b0ab370-ee35-4056-8665-ca1182a420ef', 'Product 18', 377.55, 82),
('f2755e7e-d69d-4120-9e2e-9868b171f3ff', 'Product 19', 12.1, 919),
('d3c10749-390c-48d3-9475-e6319ddff119', 'Product 20', 460.89, 718),
('e2cf671f-4a93-4fa1-9bbe-623fb294dde3', 'Product 21', 221.85, 598),
('1d549131-8234-47a4-a2e7-233950520370', 'Product 22', 395.76, 394),
('fd9f8492-296f-45be-8c60-9e83af310dd4', 'Product 23', 15.68, 351),
('37282bfd-e1a0-4b87-a719-903b111ea3d0', 'Product 24', 440.06, 801),
('61be0eb8-eb81-47a1-8b9a-40d0e0668441', 'Product 25', 104.73, 38),
('2beb57ae-3fca-4bc4-88d7-90bcf996aca2', 'Product 26', 144.25, 786),
('2d7d0f03-b372-4289-98c4-4b7fa65bd2a0', 'Product 27', 176.51, 207),
('f1a2ac64-08e6-4f54-83ec-a9383c03d22f', 'Product 28', 444.04, 488),
('fe72eb9a-3714-45f9-bbb1-94eb02ce7253', 'Product 29', 52.65, 287),
('f2c5d796-ca59-4c26-a313-91ab8a40e8b6', 'Product 30', 48.7, 821),
('7c353663-d8b3-422a-a7ff-5abb46c12de9', 'Product 31', 299.84, 725),
('935f9d89-d750-4231-bd4a-a8f19fc1c132', 'Product 32', 178.27, 742),
('2adfae29-dcc1-49fd-9a18-ef7ba0a0073a', 'Product 33', 140.24, 401),
('28f38e9e-1328-4971-9e10-ebc4cbf20117', 'Product 34', 341.44, 926),
('576f3416-c048-4c6c-b189-2f6d84bac9e1', 'Product 35', 329.69, 366),
('e52b9a12-a976-4f4d-b961-db1eb9250b4a', 'Product 36', 410.9, 711),
('65423bcc-233b-4e32-9fcf-a6c0b237e631', 'Product 37', 160.97, 451),
('3ae2eff5-966f-4627-8a39-6046efe120b9', 'Product 38', 46.99, 932),
('cffea02d-0a06-4b01-84a2-2feaed4b0a13', 'Product 39', 494.36, 63),
('2aae260d-909e-4642-a3a5-e0ce283d9969', 'Product 40', 136.43, 161),
('b1f6bec8-fe98-4999-b348-553cd52b3f5d', 'Product 41', 112.41, 828),
('d8dfdbc1-b4bc-454a-99f0-a7d80ba1e95d', 'Product 42', 70.83, 585),
('fd170ff7-af3a-4adc-ab76-357b2a0e2b12', 'Product 43', 497.64, 60),
('c6a8ba2d-b832-4c12-9623-ece907dbd3f6', 'Product 44', 229.05, 688),
('82774e6a-2da0-4ac4-b728-c76faf2012ae', 'Product 45', 73.71, 243),
('01440d47-e2ff-473b-b3f6-309d57cff6ad', 'Product 46', 239.72, 920),
('f9659c88-9b91-4ff5-b92e-f02dc3ebb56d', 'Product 47', 340.87, 846),
('f454ddf0-97ca-4a9c-9d49-4db1ecc6d725', 'Product 48', 238.45, 980),
('a8fcb5cb-eb49-4912-a2cd-48417b6d2c41', 'Product 49', 152.86, 651),
('f1da61f2-7b55-48ea-b2e5-2b150cfc0db5', 'Product 50', 36.86, 802),
('f99b422e-ba83-41c1-8b7f-bccd1cd72517', 'Product 51', 60.09, 711),
('40f7a008-fa4d-4494-8632-50c5b35ccddb', 'Product 52', 434.73, 501),
('7ebec18c-b242-449c-85b1-9d2ac187a6da', 'Product 53', 59.41, 446),
('069775d4-da5d-4d2d-9803-d82db1829614', 'Product 54', 443.91, 10),
('e64b6d4e-6da0-4adb-96db-ca78d8678669', 'Product 55', 243.61, 807),
('7843a8a8-98df-41c5-9254-a0c813703a52', 'Product 56', 22.44, 513),
('4d657895-2f87-4ff4-933f-f44f3ef560a1', 'Product 57', 138.21, 99),
('cf3f4bd1-5afd-4ae7-bd4b-9db7bf37959c', 'Product 58', 492.31, 638),
('19bbb030-519b-4917-b8d5-35cfffc3608d', 'Product 59', 493.68, 45),
('fae93538-f524-4f8b-8e5f-06b856f7b44a', 'Product 60', 58.59, 541),
('b04af425-a61e-4b50-8eb2-a7390908b8d1', 'Product 61', 364.56, 673),
('9cb61847-9c3d-44dd-8853-31b5c3c4d30c', 'Product 62', 67.63, 839),
('0da2683a-0ee8-4aa6-afbe-64c50836647f', 'Product 63', 428.08, 139),
('ad7992f7-8e83-4a4c-931a-8c7846a7bad1', 'Product 64', 230.36, 448),
('526ae071-be94-474e-91fe-7a9dddd93301', 'Product 65', 151.48, 773),
('03bbc272-f2b6-4116-a2b0-8d1057c0d36a', 'Product 66', 121.26, 357),
('d5148ee7-e553-483c-ac9e-2bdb1a9555d5', 'Product 67', 13.77, 1),
('8512f706-50b0-4a41-abc8-585fc4a51eed', 'Product 68', 318.44, 696),
('4b18c99a-8369-4695-b795-5e62fe060116', 'Product 69', 247.61, 534),
('69e2de04-518e-46ce-bdf8-e7e50dc9a83d', 'Product 70', 343.87, 412),
('bae884c2-f6e6-4b09-b71f-1efcda587516', 'Product 71', 423.01, 838),
('28170911-025c-468c-98cb-19136446585b', 'Product 72', 39.78, 877),
('7c11a309-8e07-4181-8f12-918e471ea6eb', 'Product 73', 250.01, 948),
('b88e784b-4e8d-422b-bfa6-7b040bd731d7', 'Product 74', 310.93, 266),
('8bcc77c9-f1e5-4e77-8288-391224ffc955', 'Product 75', 70.17, 735),
('332ed3f5-dc55-460d-9dc1-6b06d5139688', 'Product 76', 292.39, 935),
('1d6a775d-088a-49e4-b354-4754ebea6748', 'Product 77', 497.31, 923),
('ff33701e-e06b-447a-a74d-27e256d88cc5', 'Product 78', 478.46, 381),
('494302c4-d92f-48b8-abbe-0ff108df38f1', 'Product 79', 160.85, 579),
('dbe22539-eef9-4f65-960a-947e7349b631', 'Product 80', 52.67, 474),
('a3dec4b4-a230-45ef-9ed8-b281bd7152ea', 'Product 81', 422.72, 591),
('615acb32-39a8-4b0d-97af-718ee46b1722', 'Product 82', 63.52, 560),
('ee3d55a5-bd10-4e55-bc5f-1ea711641584', 'Product 83', 265.45, 671),
('d3243eda-1835-4d9c-8dc8-e98392c80ecc', 'Product 84', 456.89, 442),
('6c8bbf67-459b-458f-b7e7-b9f07ce10de5', 'Product 85', 376.33, 334),
('d66162d7-805d-4bbd-9d94-b832e3b657ff', 'Product 86', 35.5, 216),
('2dff654d-18d8-45a4-9148-4ba8b6bb2cb4', 'Product 87', 267.87, 38),
('a7b676bd-ae98-4f0c-8dbf-94db395b40f5', 'Product 88', 201.2, 25),
('a21c4903-d983-4ed9-9b34-821c3b51285b', 'Product 89', 152.87, 54),
('8590a90d-72b2-494a-8460-9cf533621676', 'Product 90', 115.63, 582),
('fe9b688d-b170-4d1f-afd2-e435e400df41', 'Product 91', 266.53, 572),
('5f9300b3-5c7c-474c-bf3d-f3e192f9275b', 'Product 92', 75.35, 148),
('d908cd79-f765-4154-b5aa-3c4ddf5a920c', 'Product 93', 425.45, 124),
('ccdc5568-392b-4c2e-9ae6-45614078fea5', 'Product 94', 12.04, 722),
('b926989b-5113-40d8-a977-5a6481b2d416', 'Product 95', 367.66, 383),
('712d7827-cf84-4273-b854-1875a0d889a1', 'Product 96', 173.07, 284),
('176dc9e0-60e0-452f-af19-5c0697665dfa', 'Product 97', 459.44, 297),
('c2f9f099-3619-4e33-b1f5-02271e509ac6', 'Product 98', 12.01, 984),
('05c942ef-4c70-426e-af82-672bf2930052', 'Product 99', 164.15, 189),
('70cc7174-0aab-429a-a203-c09afa929e87', 'Product 100', 488.14, 814);

-- Insert data into orders
INSERT INTO orders (id, customer_id, order_date, total_amount) VALUES
('ca59ec71-1b7c-41da-80e2-11184faee08c', '0f48b64d-d78e-4e74-a8b1-2f96b1bb7852', '2023-05-24 00:00:00', 426.6),
('b4a978fa-1a2d-4bf5-9d9f-60fc8cd084ca', '6b332bfd-05df-4ca1-bc9b-06e59f98c338', '2024-01-01 00:00:00', 1743.0),
('cea9e8c2-56ad-47dd-8c35-28c7566dc5e4', '9537ce78-72a1-4373-8c63-2bf336d53204', '2023-08-17 00:00:00', 330.97),
('39fc6825-b152-4f30-a123-ac1907a06119', 'c6927434-4f37-4481-968a-f306f9d173ab', '2023-12-18 00:00:00', 317.68),
('ad5139af-94d0-4b64-936b-e0dee62c07a6', 'c51829db-0d59-40fa-98aa-ba5c78321b1d', '2023-05-23 00:00:00', 809.26),
('a73ac189-a8f0-41ff-878a-5de3783f74f2', 'fc56a7dd-0916-4ef3-b5f1-71e834e667a7', '2023-03-12 00:00:00', 1058.28),
('b3c02eb4-ce80-4597-9192-9b564ea523e4', '1c52a81f-35c8-4281-948d-68c044d93831', '2023-08-18 00:00:00', 134.33),
('964a31de-6a4f-4d30-8e6e-7e6c836f350d', '0f48b64d-d78e-4e74-a8b1-2f96b1bb7852', '2023-01-17 00:00:00', 884.05),
('5ef1cdee-7334-4a5c-a785-c62088304898', '1fd64cf4-0fac-40b8-abb0-094a5d5ea6cf', '2023-12-27 00:00:00', 616.64),
('2e3e19c0-7aea-4a75-8ba8-89b56029c293', '25502fbd-3e95-431f-b5e4-9c02f46f281e', '2023-02-14 00:00:00', 656.07),
('fec08128-f801-46e8-a17d-151a3b9febd1', '73a0726f-b38c-467b-a8c0-c1e586d6fc29', '2023-09-19 00:00:00', 1067.34),
('49a5abbd-b320-4311-b64a-7266aaf8625d', 'a0a7c1b6-d993-434d-ba7b-e43b13bbca0f', '2023-03-25 00:00:00', 1434.08),
('ea382e18-3ac7-48e7-bce3-7aa8e30f6af0', '25502fbd-3e95-431f-b5e4-9c02f46f281e', '2023-10-29 00:00:00', 60.91),
('44c3ad20-2c45-4d0d-ba31-751aa926d02d', 'c016f7e0-514d-4faf-8b8f-6f3b2dedafe6', '2023-09-05 00:00:00', 638.2),
('1bb2dd65-b7f3-4e55-ad3e-3ad2f1bcac8a', 'f326bd7d-cfc5-4216-bb39-7c0ce065075f', '2023-04-12 00:00:00', 351.96),
('8c9fe4d5-6f5a-4fe0-9b6a-b58829785a08', '95b978ad-a8b5-4c3c-ba53-d8dff3c495d8', '2023-07-17 00:00:00', 643.08),
('e107a1a6-23ff-48de-be64-c79622163510', '76d804a7-aea3-4cd6-a2a1-db05a620d222', '2023-12-02 00:00:00', 1489.95),
('73e7cbd1-a785-4464-ac43-cab3cb048f4c', 'fa9533cb-59ce-4999-991f-44496edc73ac', '2023-03-11 00:00:00', 917.46),
('920091e9-abe8-4679-9c01-3766a2a1e688', '325b1c98-c485-4cb0-b5a2-0886825ffb15', '2023-02-25 00:00:00', 1202.28),
('8c4e2cfc-ffb8-4c99-a305-79271c8be8e4', 'b4fa65c3-251c-4828-8bc0-6f4dbe6a946d', '2023-05-25 00:00:00', 800.19),
('c1f15f86-1136-4505-8ee8-c493438204d3', '73a0726f-b38c-467b-a8c0-c1e586d6fc29', '2023-07-29 00:00:00', 832.0),
('756cf578-6d05-4673-b95f-8f476e738f4b', '6b332bfd-05df-4ca1-bc9b-06e59f98c338', '2023-09-01 00:00:00', 128.59),
('9874ae39-0dc3-4b00-a17f-52676db4b3e5', '95b978ad-a8b5-4c3c-ba53-d8dff3c495d8', '2023-03-01 00:00:00', 338.3),
('2873f3ed-9346-4960-a10d-2eb49f1a988b', '265a763b-abb0-4167-8ba3-0f34a93cab65', '2023-07-04 00:00:00', 808.18),
('d833568a-7684-4f56-8912-05bb00dc9a42', '6b92f921-fe76-458c-a6ef-d3895bee2e23', '2023-05-30 00:00:00', 669.29),
('acb92df1-8675-4b63-ad9e-c83d14188afb', 'df302644-e878-44ae-994c-d5f828f74ee7', '2023-07-31 00:00:00', 155.98),
('905aa91f-0e70-493b-8e8b-6f9abb3b5b82', '9c2beb64-f14b-4b57-937c-7a9ec5105cf9', '2023-10-07 00:00:00', 1413.78),
('883411d6-255a-47bf-bd18-77d7e4cee944', '6f5198b2-b747-47a8-a0b7-b0d0b1392f19', '2023-05-02 00:00:00', 1485.48),
('4b45e069-b284-46d7-aa10-f0530700fb4e', 'e09a6d50-ff69-419f-aea4-b0d2f543dcbf', '2023-04-23 00:00:00', 345.94),
('fbe6c41e-82a4-4f8e-a5ec-eeeb5c668d3d', '746f3a49-d125-436c-b93c-6a2d9f5523b3', '2023-04-23 00:00:00', 1306.34),
('0cbe6908-5e9c-4fd6-b9f5-2e9fa63a731f', '924b6b6e-92c4-4767-ab71-1decebd256ae', '2023-01-22 00:00:00', 802.0),
('83cabbfb-e2cf-41cf-a0cd-b57c23baaa06', '325b1c98-c485-4cb0-b5a2-0886825ffb15', '2023-03-25 00:00:00', 561.35),
('99572306-ae24-4675-819a-4fdf86e13970', '00c66e59-0a12-4447-a8f2-067812c39c95', '2023-02-22 00:00:00', 982.36),
('5d9c9d1b-455d-4132-b594-e7cda01a8141', '8f946634-8bac-49ab-8950-a18fe9a62e7a', '2023-03-19 00:00:00', 453.35),
('265436e0-a152-4f0c-97d2-8efa0830703a', 'af49ccda-1f8f-47e8-be6d-4d5053e86b3b', '2023-09-05 00:00:00', 854.86),
('23ff22b2-1fe5-452b-82e1-4a9077d75795', '0e537c9e-65b6-4457-8de0-dc7fb84eb8e7', '2023-11-17 00:00:00', 196.72),
('40276ba2-ae42-49d3-a752-4694d47ab0fb', '418ee510-638d-4ef3-8a5a-62a49b4e7951', '2023-07-19 00:00:00', 1170.5),
('a442daa4-70c0-4c31-a382-4eaeac9423bb', '1ed14976-e36b-4336-a7b1-41246fa670b6', '2023-01-26 00:00:00', 431.64),
('6ff2de9b-a6fd-4de4-8b0e-8fd9ec2e1aa8', '36886782-800d-43f4-9fe6-df0fd4b48286', '2023-01-29 00:00:00', 221.83),
('42b2688d-a05c-4fb5-ae52-32d79a701cf8', '908a818e-6e2c-4859-b8f6-4e91e06db20b', '2023-10-14 00:00:00', 395.31),
('3b4eb416-a0c6-489d-af3b-9cbdff2710a8', '95b978ad-a8b5-4c3c-ba53-d8dff3c495d8', '2023-09-09 00:00:00', 1534.49),
('d4eabd6e-814e-44ca-82cd-dedb901a7d9a', 'b378aa3e-7b79-415f-8cac-b394a1af30bb', '2023-05-06 00:00:00', 1344.67),
('3a405da2-930f-442a-97cb-8b467d5853c7', 'c51829db-0d59-40fa-98aa-ba5c78321b1d', '2023-10-24 00:00:00', 1435.92),
('f50c60bd-eef3-4777-96d7-41052e2b1a84', '325b1c98-c485-4cb0-b5a2-0886825ffb15', '2023-01-25 00:00:00', 426.0),
('f044d5cb-03fa-4dea-bb3e-303da5898273', 'c87d2bd8-f289-458d-a34a-da2ff6be0512', '2023-03-19 00:00:00', 566.6),
('9bcb0086-c957-442c-a2a8-1d239ac974f7', '76d804a7-aea3-4cd6-a2a1-db05a620d222', '2023-05-08 00:00:00', 1075.85),
('6791f464-eab9-4e18-a770-9d0b3b06cad6', 'af49ccda-1f8f-47e8-be6d-4d5053e86b3b', '2023-07-04 00:00:00', 794.43),
('b4270567-08f6-4c8b-b534-187911a217a2', '36886782-800d-43f4-9fe6-df0fd4b48286', '2023-09-30 00:00:00', 1342.0),
('9cbc4fbf-bf8e-4a04-a09e-faa8d7e4cc43', '7bcbf73b-3efe-48c5-849b-d06adf2ce0db', '2023-06-12 00:00:00', 73.09),
('6e05a766-d62a-4942-8ef3-3d0997aa70ed', 'bee3ee39-9cc8-4d00-8f0f-04b049d7715f', '2023-09-28 00:00:00', 664.18),
('ed547da6-718c-43fd-9c6a-592fbbe1137e', '3b811ecd-34da-4f5d-acb4-5792b89f1d80', '2023-04-23 00:00:00', 52.44),
('442e7a99-8141-4d47-9774-e3acd68fb04c', 'a15be9b9-345a-47c9-b018-57d2a85d7c58', '2023-08-05 00:00:00', 1280.17),
('1a6299bd-7cf2-4dd2-92f1-d51a139a39eb', '18eaa99c-ff01-4d3f-afd6-ea24a82db646', '2023-09-18 00:00:00', 1073.59),
('2095224b-c427-458c-87f9-712f83b8a00a', '7abc70b2-ab51-4ab4-ba73-48b141e7c5ac', '2023-03-13 00:00:00', 631.29),
('574d6e6f-0dca-4a93-924c-eb74dd68e779', '0e537c9e-65b6-4457-8de0-dc7fb84eb8e7', '2023-04-11 00:00:00', 815.52),
('cf7327b3-b3bc-4a85-bcfa-8438eac459ac', 'f459df3d-5f7a-44fa-9b4e-7a72bd66b107', '2023-05-15 00:00:00', 1255.68),
('039f8901-2b86-46ec-b096-5eed7a957135', '3f1e3da5-f6dc-4069-a894-1b7ea83b8790', '2023-11-26 00:00:00', 793.76),
('6f497cea-6e1d-43a1-a4af-780697b27707', '378a350a-ec51-4a0b-bda9-d8be9867d3f5', '2023-06-19 00:00:00', 1108.29),
('cacac5b1-159b-43af-9d6a-d374b9868fd2', 'bee3ee39-9cc8-4d00-8f0f-04b049d7715f', '2023-02-19 00:00:00', 433.96),
('0676d162-c405-4118-b182-e65f4c08fc55', '9537ce78-72a1-4373-8c63-2bf336d53204', '2023-11-03 00:00:00', 764.99),
('e5fa4380-f027-47e7-baad-6a3bafa07d0c', '7abc70b2-ab51-4ab4-ba73-48b141e7c5ac', '2023-08-21 00:00:00', 648.1),
('8fe15037-4b29-4e82-af16-cf4192f1304a', 'a15be9b9-345a-47c9-b018-57d2a85d7c58', '2023-11-05 00:00:00', 1673.64),
('7dba74bd-88ca-4581-9f59-0753ff792747', '38a5bfcc-720e-4708-9107-80d8377ced76', '2023-07-30 00:00:00', 1107.24),
('3b41de9c-32d6-4a51-95bd-be93ef3593f7', '760ba6e6-768f-4e93-97f5-8bd90126a0ae', '2023-09-13 00:00:00', 670.99),
('2d22e572-0926-45b6-abed-a798f016e7fc', '378a350a-ec51-4a0b-bda9-d8be9867d3f5', '2023-10-17 00:00:00', 345.02),
('3aea0a05-24c8-4b64-92b2-1dbc7d439655', '4d1057e3-fd51-4387-835d-aa53dd5f2141', '2023-03-06 00:00:00', 426.43),
('0005cbec-6fe5-4225-ab4c-298c81fec8a0', '15b95f9f-16c6-41aa-941e-da23e919b6cc', '2023-07-19 00:00:00', 175.54),
('60247e17-1fc6-4f19-bda3-f2749b515593', '15e5edae-235f-4860-aec8-81909b835b80', '2023-12-04 00:00:00', 1186.88),
('3f7089c7-a226-4df0-bb19-7d2fa0120b02', '9c2beb64-f14b-4b57-937c-7a9ec5105cf9', '2023-01-02 00:00:00', 349.63),
('e6e4b784-493f-4c36-97ef-72409d9dafbf', '6680243b-6ed4-46a5-a62b-340bcc26a52a', '2023-03-09 00:00:00', 913.33),
('e8381c7c-aba4-49eb-9a3f-bc01367fa99d', '3b811ecd-34da-4f5d-acb4-5792b89f1d80', '2023-04-07 00:00:00', 1513.82),
('ea036d7f-4202-4d68-a751-189c215571ae', 'e00abff7-d93f-49de-b28a-2343bd1e72f8', '2023-12-26 00:00:00', 789.85),
('a1875f15-f778-4d5a-aad3-e4224b53d768', 'df302644-e878-44ae-994c-d5f828f74ee7', '2023-07-19 00:00:00', 36.84),
('0196d8c6-2aff-41c1-9826-eb0855eda43b', 'c9061bd6-a65a-45a8-9d34-691a75190f08', '2023-07-24 00:00:00', 775.59),
('704c5c5a-b64f-42e0-a1c4-e281d03fec1c', '15e5edae-235f-4860-aec8-81909b835b80', '2023-06-30 00:00:00', 289.2),
('2f392dd8-b5d0-4b31-8833-d4c29f7dd71c', '00c66e59-0a12-4447-a8f2-067812c39c95', '2023-05-14 00:00:00', 982.17),
('d7ff4588-191b-440c-af0d-60d0ee924d10', '0e819c5f-264c-4a87-addd-0f5855202c36', '2023-10-23 00:00:00', 168.93),
('bc3bfb08-74cf-40b2-98a4-f8120dfe4d0a', '1fd64cf4-0fac-40b8-abb0-094a5d5ea6cf', '2023-02-08 00:00:00', 113.99),
('3a5d02d8-b425-4668-a41b-8b22f5938bcc', '4d1057e3-fd51-4387-835d-aa53dd5f2141', '2023-10-02 00:00:00', 1037.48),
('eea8b03c-e923-4c46-bd33-4569f971d7b9', '924b6b6e-92c4-4767-ab71-1decebd256ae', '2023-04-09 00:00:00', 1271.95),
('3d8f0bd6-d65b-413e-82a5-7c8806a2cb9e', '6479864c-fc85-4900-bb32-995c405c76e1', '2023-07-30 00:00:00', 438.99),
('56b39900-b07e-4155-9799-538f4ead6034', '4d1057e3-fd51-4387-835d-aa53dd5f2141', '2023-02-27 00:00:00', 1076.85),
('13d9d59a-923e-42d2-aa4e-17333202778f', '6e5fd832-8acb-4fca-8966-fcc6694b4879', '2023-07-19 00:00:00', 532.93),
('55a1509b-c6c7-4fe9-b6a1-2587ccddd164', '56fdabdd-8847-4deb-b374-e1f8e36dc223', '2023-10-21 00:00:00', 281.03),
('b33807fe-7643-4101-817b-e50052cec16f', '38a5bfcc-720e-4708-9107-80d8377ced76', '2023-08-20 00:00:00', 963.87),
('e0bccbe2-39e7-4908-b7d8-2e3cfc6e2f3b', 'e2f11720-a2cf-423c-afc0-f7f091c7b872', '2023-06-02 00:00:00', 939.14),
('92499887-b6e4-4c75-a9fe-7b84eee32718', '760ba6e6-768f-4e93-97f5-8bd90126a0ae', '2023-04-06 00:00:00', 143.46),
('67da03db-56db-474d-bd42-6da250a33dc8', '3b811ecd-34da-4f5d-acb4-5792b89f1d80', '2023-06-13 00:00:00', 1147.37),
('682d3071-bad7-47fc-96a4-e0ad4432646a', '00c66e59-0a12-4447-a8f2-067812c39c95', '2023-07-01 00:00:00', 1351.67),
('bec90cce-c83d-42a5-9743-e35bfd369bcf', '6479864c-fc85-4900-bb32-995c405c76e1', '2023-03-09 00:00:00', 1123.01),
('17fb06bc-1c29-44fe-93ae-fb9ee2f5b8fc', '10fdc2ec-482b-41f7-aa23-f20542f8f008', '2023-12-08 00:00:00', 61.68),
('5eb76a94-2024-441c-93a1-355baa109a14', '0e819c5f-264c-4a87-addd-0f5855202c36', '2023-06-21 00:00:00', 1055.56),
('0fdd13f2-5986-41e8-b74a-5ebaea02e6af', '0100d826-1b9a-4882-9518-cc328a7e7070', '2023-03-30 00:00:00', 1246.76),
('d6944a1b-d21e-44fb-b542-d0ebc9687169', '117aecd3-85cf-49a0-bf40-22818cc32995', '2023-08-21 00:00:00', 822.3),
('e14c8b61-34b7-4471-8328-2a9e940cfeed', 'cdb047b5-b20f-4594-92f0-4d21f99db1ca', '2023-02-14 00:00:00', 1022.83),
('3dd9d42f-4fb3-4210-b54d-5712efa47858', 'c016f7e0-514d-4faf-8b8f-6f3b2dedafe6', '2023-01-14 00:00:00', 195.58),
('d8056c0c-056d-46cc-b086-f3cffa5c72fa', '9389dfc1-a1cc-4a92-86fd-0002b5bc9e4e', '2023-02-23 00:00:00', 1060.27),
('a5d050e3-7fc7-47ee-acb3-392fcd6cf196', 'c51829db-0d59-40fa-98aa-ba5c78321b1d', '2023-01-03 00:00:00', 179.09),
('74beb6bd-5768-4769-849f-e9e72bbd495a', 'c635ee6f-a3ac-4489-9b31-a6f11da5a66e', '2023-02-20 00:00:00', 445.54),
('379f1bf7-0e77-4a33-adb4-20e75fb7a159', 'dc78aa92-90f4-4af9-ae53-1d2f92152dc7', '2023-12-17 00:00:00', 1115.47);

-- Insert data into order_items
INSERT INTO order_items (id, order_id, product_id, quantity) VALUES
('7162641d-3665-4785-9244-c9125a3c313d', 'ca59ec71-1b7c-41da-80e2-11184faee08c', 'a8fcb5cb-eb49-4912-a2cd-48417b6d2c41', 5),
('c87aef7e-8916-4bdf-b362-3eaa1951c7b9', 'b4a978fa-1a2d-4bf5-9d9f-60fc8cd084ca', '7c11a309-8e07-4181-8f12-918e471ea6eb', 2),
('e3a6a7b9-c7d8-48b6-8f1d-a5e0bde14ccb', 'b4a978fa-1a2d-4bf5-9d9f-60fc8cd084ca', '202d5224-292e-459d-a076-b1d16772d77e', 2),
('500e1aab-4792-4087-8615-08b9e852404e', 'b4a978fa-1a2d-4bf5-9d9f-60fc8cd084ca', 'e2cf671f-4a93-4fa1-9bbe-623fb294dde3', 3),
('ad2d4d14-5012-43e9-a7b0-8205de6d6e76', 'b4a978fa-1a2d-4bf5-9d9f-60fc8cd084ca', '2935e856-308d-4ca6-987a-251d11dd5dc8', 10),
('a13c1911-dcbc-40c2-9e8d-f2f16ad63f19', 'b4a978fa-1a2d-4bf5-9d9f-60fc8cd084ca', '01440d47-e2ff-473b-b3f6-309d57cff6ad', 2),
('41d6e928-24ce-46d8-9a20-7c36e921af2a', 'cea9e8c2-56ad-47dd-8c35-28c7566dc5e4', 'fd1834d6-f969-45ea-841c-c10f254b03e9', 3),
('19e95a9e-9fec-449e-9211-fd153a49c070', 'cea9e8c2-56ad-47dd-8c35-28c7566dc5e4', 'f1a2ac64-08e6-4f54-83ec-a9383c03d22f', 5),
('7e4772b0-88ba-48c4-9322-e80e354e75a1', 'cea9e8c2-56ad-47dd-8c35-28c7566dc5e4', 'b04af425-a61e-4b50-8eb2-a7390908b8d1', 9),
('2539598d-6374-4604-80d4-e4b2f18ccd9d', 'cea9e8c2-56ad-47dd-8c35-28c7566dc5e4', 'cf3f4bd1-5afd-4ae7-bd4b-9db7bf37959c', 2),
('fc538cf3-0f67-47f8-a864-36c103882c94', '39fc6825-b152-4f30-a123-ac1907a06119', 'd908cd79-f765-4154-b5aa-3c4ddf5a920c', 7),
('b2c26cce-32b4-4975-9e08-5e0531d60b7a', '39fc6825-b152-4f30-a123-ac1907a06119', '01440d47-e2ff-473b-b3f6-309d57cff6ad', 1),
('f722c602-838e-4dbe-bf2d-d3fa30d10152', '39fc6825-b152-4f30-a123-ac1907a06119', '8bcc77c9-f1e5-4e77-8288-391224ffc955', 4),
('5195190f-e4f2-44a5-aaee-651f0d6fe805', 'ad5139af-94d0-4b64-936b-e0dee62c07a6', 'ee3d55a5-bd10-4e55-bc5f-1ea711641584', 1),
('77ad7100-41e9-4790-87b0-598b5c27f041', 'ad5139af-94d0-4b64-936b-e0dee62c07a6', 'f9659c88-9b91-4ff5-b92e-f02dc3ebb56d', 1),
('aece5529-ae30-414f-ae5d-1eb57afb8dcb', 'ad5139af-94d0-4b64-936b-e0dee62c07a6', '2beb57ae-3fca-4bc4-88d7-90bcf996aca2', 10),
('01f0709e-eec4-415f-b6ec-b55b3daa292d', 'ad5139af-94d0-4b64-936b-e0dee62c07a6', 'ee3d55a5-bd10-4e55-bc5f-1ea711641584', 7),
('fc576e60-ce8e-40cd-8a8a-14811049f278', 'ad5139af-94d0-4b64-936b-e0dee62c07a6', '5f9300b3-5c7c-474c-bf3d-f3e192f9275b', 3),
('6456fe04-26fa-4520-8b6d-533cc1ed3b64', 'a73ac189-a8f0-41ff-878a-5de3783f74f2', 'e52b9a12-a976-4f4d-b961-db1eb9250b4a', 4),
('0c2e9e20-152c-43df-9f4f-de8dba0e7303', 'a73ac189-a8f0-41ff-878a-5de3783f74f2', '70cc7174-0aab-429a-a203-c09afa929e87', 5),
('6e595bd0-968b-4c0b-883f-9037184a9e33', 'a73ac189-a8f0-41ff-878a-5de3783f74f2', 'c6a8ba2d-b832-4c12-9623-ece907dbd3f6', 2),
('b6df7bf5-c514-449b-82a4-7f91cab5ac9a', 'a73ac189-a8f0-41ff-878a-5de3783f74f2', '17cec8b3-e5f1-44a5-85db-83104166d7f5', 2),
('52360298-942a-4ec5-bfb9-5bc53cccfe32', 'b3c02eb4-ce80-4597-9192-9b564ea523e4', '4b18c99a-8369-4695-b795-5e62fe060116', 1),
('0c325476-8ad9-4f02-8c56-a05391f24486', 'b3c02eb4-ce80-4597-9192-9b564ea523e4', 'f1da61f2-7b55-48ea-b2e5-2b150cfc0db5', 7),
('cd1772e4-262a-431b-9d29-8f56c1f29ae6', 'b3c02eb4-ce80-4597-9192-9b564ea523e4', 'f1da61f2-7b55-48ea-b2e5-2b150cfc0db5', 6),
('e038cd48-a5de-403f-a05d-a4770f5dfbdf', 'b3c02eb4-ce80-4597-9192-9b564ea523e4', 'f9659c88-9b91-4ff5-b92e-f02dc3ebb56d', 5),
('a488b1e2-352f-4dbe-9ec8-a6cfd639696a', '964a31de-6a4f-4d30-8e6e-7e6c836f350d', 'd8dfdbc1-b4bc-454a-99f0-a7d80ba1e95d', 8),
('e4569e88-749a-4225-9b44-3395a0c4c389', '5ef1cdee-7334-4a5c-a785-c62088304898', '61be0eb8-eb81-47a1-8b9a-40d0e0668441', 9),
('e3bd6938-4279-4087-a4f5-745333037101', '2e3e19c0-7aea-4a75-8ba8-89b56029c293', 'a8fcb5cb-eb49-4912-a2cd-48417b6d2c41', 3),
('f0dd08f9-2418-4005-8b19-4044b9aee7da', '2e3e19c0-7aea-4a75-8ba8-89b56029c293', '332ed3f5-dc55-460d-9dc1-6b06d5139688', 5),
('09245453-1bf9-46db-b8bf-cc07e3f3810c', '2e3e19c0-7aea-4a75-8ba8-89b56029c293', '202d5224-292e-459d-a076-b1d16772d77e', 10),
('0913c511-73f7-4a5f-a917-7d015dea6323', '2e3e19c0-7aea-4a75-8ba8-89b56029c293', 'e2cf671f-4a93-4fa1-9bbe-623fb294dde3', 5),
('c9202e67-96ac-4a51-8aff-73c7ced02e9a', '2e3e19c0-7aea-4a75-8ba8-89b56029c293', '10750a69-fbd6-47da-af13-93a44374bcb9', 6),
('5478f4f9-3971-4002-b972-24b1e5b2984b', 'fec08128-f801-46e8-a17d-151a3b9febd1', 'd66162d7-805d-4bbd-9d94-b832e3b657ff', 5),
('d609ee21-25f4-4b96-be37-5d889174e852', 'fec08128-f801-46e8-a17d-151a3b9febd1', '28f38e9e-1328-4971-9e10-ebc4cbf20117', 2),
('f6cd9fab-1713-4f13-a731-60d550cdb2dd', '49a5abbd-b320-4311-b64a-7266aaf8625d', '28170911-025c-468c-98cb-19136446585b', 4),
('6760f650-1127-435b-afd9-8cb027b32b66', '49a5abbd-b320-4311-b64a-7266aaf8625d', '69e2de04-518e-46ce-bdf8-e7e50dc9a83d', 5),
('08954322-a2a7-4b73-8949-21d934c29e7c', 'ea382e18-3ac7-48e7-bce3-7aa8e30f6af0', '65423bcc-233b-4e32-9fcf-a6c0b237e631', 6),
('12ea7d10-b867-4c11-a3fa-17a378b17815', '44c3ad20-2c45-4d0d-ba31-751aa926d02d', '61be0eb8-eb81-47a1-8b9a-40d0e0668441', 1),
('7b13fe4d-c5bf-4de1-a5cc-74ddb4456f24', '44c3ad20-2c45-4d0d-ba31-751aa926d02d', '069775d4-da5d-4d2d-9803-d82db1829614', 1),
('64a4f50a-d5a6-42b1-9e98-9adbab2ad4b2', '44c3ad20-2c45-4d0d-ba31-751aa926d02d', '7c11a309-8e07-4181-8f12-918e471ea6eb', 9),
('93043392-2bad-4b5a-bc24-3d0409f0e0ae', '44c3ad20-2c45-4d0d-ba31-751aa926d02d', '28f38e9e-1328-4971-9e10-ebc4cbf20117', 2),
('be6928f3-1138-44e2-aacb-23b21ad8b177', '1bb2dd65-b7f3-4e55-ad3e-3ad2f1bcac8a', '202d5224-292e-459d-a076-b1d16772d77e', 3),
('d4805d1f-82bb-4252-a9ca-23a9d22499e6', '1bb2dd65-b7f3-4e55-ad3e-3ad2f1bcac8a', '2d7d0f03-b372-4289-98c4-4b7fa65bd2a0', 7),
('a3d16368-d9a9-44c8-8c8c-1a859cc808fd', '8c9fe4d5-6f5a-4fe0-9b6a-b58829785a08', 'ee3d55a5-bd10-4e55-bc5f-1ea711641584', 9),
('4f09f89e-1555-4a38-a8cb-1376cd5e132c', '8c9fe4d5-6f5a-4fe0-9b6a-b58829785a08', '10750a69-fbd6-47da-af13-93a44374bcb9', 1),
('f7364110-9fe7-4911-aaea-9845f0949895', 'e107a1a6-23ff-48de-be64-c79622163510', '8512f706-50b0-4a41-abc8-585fc4a51eed', 9),
('de0f800f-4f44-48c7-b93f-39592254102f', 'e107a1a6-23ff-48de-be64-c79622163510', '7c353663-d8b3-422a-a7ff-5abb46c12de9', 9),
('7a446211-0e2d-41e2-8fa1-3e21b80122c3', 'e107a1a6-23ff-48de-be64-c79622163510', 'd3243eda-1835-4d9c-8dc8-e98392c80ecc', 1),
('1cd5349a-b3be-48c1-ac93-295b2685756a', '73e7cbd1-a785-4464-ac43-cab3cb048f4c', 'd66162d7-805d-4bbd-9d94-b832e3b657ff', 2),
('8e5840d6-7a3b-4ef7-8187-abe1bc942ed4', '73e7cbd1-a785-4464-ac43-cab3cb048f4c', 'd3243eda-1835-4d9c-8dc8-e98392c80ecc', 7),
('e47e7aad-630d-4e0e-a6be-474ec461edbf', '73e7cbd1-a785-4464-ac43-cab3cb048f4c', '8512f706-50b0-4a41-abc8-585fc4a51eed', 9),
('c6a99db3-97d4-4e47-8d4b-74c14492cbd9', '920091e9-abe8-4679-9c01-3766a2a1e688', 'a8fcb5cb-eb49-4912-a2cd-48417b6d2c41', 6),
('59489d35-12e6-4289-916f-3f90d385ef02', '920091e9-abe8-4679-9c01-3766a2a1e688', 'fd1834d6-f969-45ea-841c-c10f254b03e9', 1),
('97616f4c-dede-43fb-8c04-ba9ccedb8b84', '920091e9-abe8-4679-9c01-3766a2a1e688', 'f2755e7e-d69d-4120-9e2e-9868b171f3ff', 4),
('fd791f21-18e0-4a37-814c-3dc1eb8691e9', '8c4e2cfc-ffb8-4c99-a305-79271c8be8e4', '576f3416-c048-4c6c-b189-2f6d84bac9e1', 10),
('7ad9e676-ba6e-4fcd-a664-7b85ff4f9b37', 'c1f15f86-1136-4505-8ee8-c493438204d3', '61be0eb8-eb81-47a1-8b9a-40d0e0668441', 3),
('b209db63-a102-4348-af30-8af61acdb839', 'c1f15f86-1136-4505-8ee8-c493438204d3', 'c6a8ba2d-b832-4c12-9623-ece907dbd3f6', 2),
('bdd2fb76-940d-4b45-b804-7ae604a867a0', 'c1f15f86-1136-4505-8ee8-c493438204d3', '70cc7174-0aab-429a-a203-c09afa929e87', 2),
('17e39455-f7f6-44d3-8fef-eb5a5f22f728', 'c1f15f86-1136-4505-8ee8-c493438204d3', '7ebec18c-b242-449c-85b1-9d2ac187a6da', 8),
('f6071a15-7621-476c-ab60-6ca8397b1607', '756cf578-6d05-4673-b95f-8f476e738f4b', 'f454ddf0-97ca-4a9c-9d49-4db1ecc6d725', 5),
('4ab5034b-1439-4920-9a8d-b41a07a6fcdc', '756cf578-6d05-4673-b95f-8f476e738f4b', '50d1fe01-c303-42c2-930c-9cc34ebbe8c1', 6),
('4549065d-8abd-4c55-b0a4-3941f5427766', '9874ae39-0dc3-4b00-a17f-52676db4b3e5', 'bae884c2-f6e6-4b09-b71f-1efcda587516', 4),
('e1704a44-a2b5-4be2-989b-aea7ef5962e5', '9874ae39-0dc3-4b00-a17f-52676db4b3e5', 'fae93538-f524-4f8b-8e5f-06b856f7b44a', 8),
('970ff879-c9fe-4928-95f2-355f72b775ee', '9874ae39-0dc3-4b00-a17f-52676db4b3e5', '61be0eb8-eb81-47a1-8b9a-40d0e0668441', 5),
('0ad58a30-9574-4db0-b3c9-cb89de821dad', '9874ae39-0dc3-4b00-a17f-52676db4b3e5', '8512f706-50b0-4a41-abc8-585fc4a51eed', 8),
('01d97b61-d91d-4136-9143-0da2b59cee1c', '2873f3ed-9346-4960-a10d-2eb49f1a988b', '10750a69-fbd6-47da-af13-93a44374bcb9', 3),
('dc665d7f-359b-4eaa-bab6-8e450921e8ae', '2873f3ed-9346-4960-a10d-2eb49f1a988b', 'fae93538-f524-4f8b-8e5f-06b856f7b44a', 2),
('9dfb25be-1b91-403f-833c-e262191eff70', '2873f3ed-9346-4960-a10d-2eb49f1a988b', '9b0ab370-ee35-4056-8665-ca1182a420ef', 6),
('4e79e27e-e048-4b29-a43d-de25f422fa6f', 'd833568a-7684-4f56-8912-05bb00dc9a42', 'a7b676bd-ae98-4f0c-8dbf-94db395b40f5', 8),
('ad609501-42b4-44a8-baf8-3ae01bab808b', 'acb92df1-8675-4b63-ad9e-c83d14188afb', '6c8bbf67-459b-458f-b7e7-b9f07ce10de5', 1),
('19d70df2-d797-4915-a80e-3f648c43c4e3', 'acb92df1-8675-4b63-ad9e-c83d14188afb', 'dbe22539-eef9-4f65-960a-947e7349b631', 8),
('c8054fe7-d9cd-4c58-9490-a98669905ca6', 'acb92df1-8675-4b63-ad9e-c83d14188afb', '9cb61847-9c3d-44dd-8853-31b5c3c4d30c', 6),
('961994c8-85d3-4057-94e9-6d137651eb9e', '905aa91f-0e70-493b-8e8b-6f9abb3b5b82', '2dff654d-18d8-45a4-9148-4ba8b6bb2cb4', 8),
('74d814e9-a850-4d6b-a72f-d2e2eac86941', '905aa91f-0e70-493b-8e8b-6f9abb3b5b82', '19bbb030-519b-4917-b8d5-35cfffc3608d', 10),
('05549d50-61ad-4721-8d23-05b14a8a6946', '905aa91f-0e70-493b-8e8b-6f9abb3b5b82', '61be0eb8-eb81-47a1-8b9a-40d0e0668441', 3),
('63005c58-619a-4a37-b1fb-00eed25ac609', '905aa91f-0e70-493b-8e8b-6f9abb3b5b82', '1d6a775d-088a-49e4-b354-4754ebea6748', 9),
('87cdafd2-ffaf-4c85-9f21-99fcfcd68d3b', '905aa91f-0e70-493b-8e8b-6f9abb3b5b82', 'f2755e7e-d69d-4120-9e2e-9868b171f3ff', 2),
('c106a5cc-eaef-41a3-8a84-a9a5670444e5', '883411d6-255a-47bf-bd18-77d7e4cee944', '576f3416-c048-4c6c-b189-2f6d84bac9e1', 7),
('dd5b5f4e-af19-4165-a673-541b9537527d', '883411d6-255a-47bf-bd18-77d7e4cee944', 'a7b676bd-ae98-4f0c-8dbf-94db395b40f5', 5),
('aab9a743-667e-4896-a817-2f7170615d36', '883411d6-255a-47bf-bd18-77d7e4cee944', 'f2755e7e-d69d-4120-9e2e-9868b171f3ff', 1),
('1cbe9fc1-dc3c-4ff8-9d08-38fc77573d82', '883411d6-255a-47bf-bd18-77d7e4cee944', 'dbe22539-eef9-4f65-960a-947e7349b631', 8),
('128d1ef4-d568-493b-a87d-661318b22173', '883411d6-255a-47bf-bd18-77d7e4cee944', 'd66162d7-805d-4bbd-9d94-b832e3b657ff', 7),
('8b5bc6f8-0b5a-45d8-8688-3c0a6afb7c11', '4b45e069-b284-46d7-aa10-f0530700fb4e', '712d7827-cf84-4273-b854-1875a0d889a1', 8),
('c5a210b3-826d-4fdb-8f7f-a2c4176f1359', 'fbe6c41e-82a4-4f8e-a5ec-eeeb5c668d3d', '102ebce7-204c-4341-872a-c69d25a792a8', 5),
('40fe7eaf-8f9c-458d-8047-cda1c2cb3b09', 'fbe6c41e-82a4-4f8e-a5ec-eeeb5c668d3d', 'fd1834d6-f969-45ea-841c-c10f254b03e9', 3),
('ad284b58-a27a-4f42-9ec7-0f35e0622e9c', '0cbe6908-5e9c-4fd6-b9f5-2e9fa63a731f', 'fd1834d6-f969-45ea-841c-c10f254b03e9', 6),
('aa912672-0a7b-4ac8-b2b4-75c03d768383', '83cabbfb-e2cf-41cf-a0cd-b57c23baaa06', 'dbe22539-eef9-4f65-960a-947e7349b631', 7),
('c51cdeec-153e-49b6-ab4a-39cf4823d58b', '83cabbfb-e2cf-41cf-a0cd-b57c23baaa06', 'd3c10749-390c-48d3-9475-e6319ddff119', 9),
('0238d714-4c6e-41c4-937c-8e091a024c3e', '83cabbfb-e2cf-41cf-a0cd-b57c23baaa06', '9b0ab370-ee35-4056-8665-ca1182a420ef', 1),
('5891874a-ae99-47fb-bb9b-56d41f317db3', '83cabbfb-e2cf-41cf-a0cd-b57c23baaa06', '0da2683a-0ee8-4aa6-afbe-64c50836647f', 2),
('2181a4e2-f4b4-40d0-8251-a1c7d528b76b', '83cabbfb-e2cf-41cf-a0cd-b57c23baaa06', '332ed3f5-dc55-460d-9dc1-6b06d5139688', 8),
('273c4652-28b1-4790-a851-33ccd43760df', '99572306-ae24-4675-819a-4fdf86e13970', '2aae260d-909e-4642-a3a5-e0ce283d9969', 10),
('85747ea5-d527-4b49-bc65-cd97c3c30caa', '99572306-ae24-4675-819a-4fdf86e13970', '5f9300b3-5c7c-474c-bf3d-f3e192f9275b', 4),
('a61097c6-ef0a-47a5-aae7-6277e59650de', '99572306-ae24-4675-819a-4fdf86e13970', '2adfae29-dcc1-49fd-9a18-ef7ba0a0073a', 4),
('5a1fbe4e-1baa-400a-b4ce-f9c81b0f3b82', '99572306-ae24-4675-819a-4fdf86e13970', '01440d47-e2ff-473b-b3f6-309d57cff6ad', 9),
('6ff624e8-99b5-4969-b0f6-1105cf015f35', '99572306-ae24-4675-819a-4fdf86e13970', '8512f706-50b0-4a41-abc8-585fc4a51eed', 4),
('aac03ae2-47fd-49f8-90a1-ca1f06ae1967', '5d9c9d1b-455d-4132-b594-e7cda01a8141', 'f1da61f2-7b55-48ea-b2e5-2b150cfc0db5', 4),
('42a84ea1-c412-4a6a-968d-0b07e2f2d622', '265436e0-a152-4f0c-97d2-8efa0830703a', '576f3416-c048-4c6c-b189-2f6d84bac9e1', 7),
('46a6ca06-761a-4a77-96ac-bd70c64b5a69', '265436e0-a152-4f0c-97d2-8efa0830703a', 'b04af425-a61e-4b50-8eb2-a7390908b8d1', 9),
('902edf09-4dc5-4213-b17e-2053a0164b06', '23ff22b2-1fe5-452b-82e1-4a9077d75795', 'ff33701e-e06b-447a-a74d-27e256d88cc5', 8),
('b0cdc308-f1ed-49a7-92ce-e61489105b3c', '23ff22b2-1fe5-452b-82e1-4a9077d75795', 'ad7992f7-8e83-4a4c-931a-8c7846a7bad1', 1),
('5fe59b6e-0c73-4e1e-b95a-6ad5506bf03d', '40276ba2-ae42-49d3-a752-4694d47ab0fb', '17cec8b3-e5f1-44a5-85db-83104166d7f5', 7),
('96d4a56a-e899-4a5e-8a91-0a9f7918e845', '40276ba2-ae42-49d3-a752-4694d47ab0fb', 'f454ddf0-97ca-4a9c-9d49-4db1ecc6d725', 7),
('31677cbc-a78f-4647-b838-27aae9d93471', '40276ba2-ae42-49d3-a752-4694d47ab0fb', 'e52b9a12-a976-4f4d-b961-db1eb9250b4a', 2),
('b9e41eb2-272f-43a2-8f85-601a326dc50f', '40276ba2-ae42-49d3-a752-4694d47ab0fb', '576f3416-c048-4c6c-b189-2f6d84bac9e1', 9),
('00c907d1-0697-42d6-889e-ba799d50cf71', '40276ba2-ae42-49d3-a752-4694d47ab0fb', 'a7b676bd-ae98-4f0c-8dbf-94db395b40f5', 4),
('2d307c37-dad8-4212-adea-ec356413b14a', 'a442daa4-70c0-4c31-a382-4eaeac9423bb', 'ff33701e-e06b-447a-a74d-27e256d88cc5', 1),
('851c08ac-ced8-4766-96b6-b310b928250c', 'a442daa4-70c0-4c31-a382-4eaeac9423bb', 'cffea02d-0a06-4b01-84a2-2feaed4b0a13', 1),
('ecf079ab-2666-4131-a160-7a257daeaa90', 'a442daa4-70c0-4c31-a382-4eaeac9423bb', 'f2755e7e-d69d-4120-9e2e-9868b171f3ff', 3),
('790ab308-3be7-4dd4-a4b1-ba0e68f232ac', 'a442daa4-70c0-4c31-a382-4eaeac9423bb', '7843a8a8-98df-41c5-9254-a0c813703a52', 9),
('7e0055c9-6e5c-4006-b109-39da2eb876bc', '6ff2de9b-a6fd-4de4-8b0e-8fd9ec2e1aa8', '3ae2eff5-966f-4627-8a39-6046efe120b9', 9),
('0e561731-c1fb-47ae-9fa6-2abecb977936', '42b2688d-a05c-4fb5-ae52-32d79a701cf8', '712d7827-cf84-4273-b854-1875a0d889a1', 8),
('7d8d59fe-a1e4-447c-a9e7-e0ba451951cf', '42b2688d-a05c-4fb5-ae52-32d79a701cf8', '069775d4-da5d-4d2d-9803-d82db1829614', 8),
('5d607321-f5bc-46b6-98d8-28628106f09b', '42b2688d-a05c-4fb5-ae52-32d79a701cf8', '28f38e9e-1328-4971-9e10-ebc4cbf20117', 4),
('f02ec19d-e759-4884-b96c-f32d57c5f110', '3b4eb416-a0c6-489d-af3b-9cbdff2710a8', 'd3243eda-1835-4d9c-8dc8-e98392c80ecc', 9),
('fd2c600b-bc77-4279-9dc6-4d6f47bea7a7', '3b4eb416-a0c6-489d-af3b-9cbdff2710a8', '526ae071-be94-474e-91fe-7a9dddd93301', 10),
('28475ed1-82bc-4b6d-b76d-22629220f2be', '3b4eb416-a0c6-489d-af3b-9cbdff2710a8', '03bbc272-f2b6-4116-a2b0-8d1057c0d36a', 9),
('af96c69e-a2fc-460c-864f-8744490f8350', '3b4eb416-a0c6-489d-af3b-9cbdff2710a8', '712d7827-cf84-4273-b854-1875a0d889a1', 7),
('f40e04cd-ae7d-41f6-83c8-fde9b683b0e3', 'd4eabd6e-814e-44ca-82cd-dedb901a7d9a', 'f9659c88-9b91-4ff5-b92e-f02dc3ebb56d', 5),
('fd779828-f3e9-4850-9b08-577634f3bc0b', 'd4eabd6e-814e-44ca-82cd-dedb901a7d9a', 'fd9f8492-296f-45be-8c60-9e83af310dd4', 7),
('320c4d09-782b-4495-a396-d053b194ee1c', 'd4eabd6e-814e-44ca-82cd-dedb901a7d9a', '069775d4-da5d-4d2d-9803-d82db1829614', 8),
('22691e06-a949-4547-989d-b2ac22a02f36', 'd4eabd6e-814e-44ca-82cd-dedb901a7d9a', 'd5148ee7-e553-483c-ac9e-2bdb1a9555d5', 1),
('77500a67-e0ca-4dec-9d99-6493b6ca12bc', '3a405da2-930f-442a-97cb-8b467d5853c7', '69e2de04-518e-46ce-bdf8-e7e50dc9a83d', 9),
('9260eae1-ebc4-4a76-8c0e-434d6f0bd983', 'f50c60bd-eef3-4777-96d7-41052e2b1a84', 'd908cd79-f765-4154-b5aa-3c4ddf5a920c', 2),
('94ee3af0-b32e-4f00-940c-fd32a877ec3b', 'f50c60bd-eef3-4777-96d7-41052e2b1a84', '8512f706-50b0-4a41-abc8-585fc4a51eed', 10),
('4a9b48b4-18a9-4af7-b611-d7a271476e2c', 'f50c60bd-eef3-4777-96d7-41052e2b1a84', '202d5224-292e-459d-a076-b1d16772d77e', 10),
('e616c83c-36f7-4ae7-8150-dd2fe5021d12', 'f50c60bd-eef3-4777-96d7-41052e2b1a84', '40f7a008-fa4d-4494-8632-50c5b35ccddb', 6),
('c60714dc-d410-4daa-9651-eb50ab5d0821', 'f044d5cb-03fa-4dea-bb3e-303da5898273', 'f9659c88-9b91-4ff5-b92e-f02dc3ebb56d', 9),
('6f07ed61-2513-4221-8baa-ae098e76aa7b', 'f044d5cb-03fa-4dea-bb3e-303da5898273', 'd3c10749-390c-48d3-9475-e6319ddff119', 3),
('2591011a-9c77-4923-87b2-315c5488051e', 'f044d5cb-03fa-4dea-bb3e-303da5898273', 'cffea02d-0a06-4b01-84a2-2feaed4b0a13', 8),
('e0c00012-5499-41ad-996c-dfaf14490379', 'f044d5cb-03fa-4dea-bb3e-303da5898273', '01440d47-e2ff-473b-b3f6-309d57cff6ad', 8),
('300c1ee8-a3ab-49a5-9d8d-ce44150a623a', 'f044d5cb-03fa-4dea-bb3e-303da5898273', 'fae93538-f524-4f8b-8e5f-06b856f7b44a', 10),
('ab773161-4df2-422f-b4eb-f260192c35b1', '9bcb0086-c957-442c-a2a8-1d239ac974f7', '7c11a309-8e07-4181-8f12-918e471ea6eb', 9),
('8a1eba72-e083-4c7e-9fea-9d142a0f10ad', '9bcb0086-c957-442c-a2a8-1d239ac974f7', 'c6a8ba2d-b832-4c12-9623-ece907dbd3f6', 2),
('c9de3b26-4c5b-4cff-b595-e38a0c0a7060', '9bcb0086-c957-442c-a2a8-1d239ac974f7', '935f9d89-d750-4231-bd4a-a8f19fc1c132', 9),
('7ebdef45-5150-41e8-8b9f-b44eb174a25f', '9bcb0086-c957-442c-a2a8-1d239ac974f7', 'fd9f8492-296f-45be-8c60-9e83af310dd4', 6),
('cba855e4-f3ac-4bc6-9a0d-e22bbe42e092', '9bcb0086-c957-442c-a2a8-1d239ac974f7', '7ebec18c-b242-449c-85b1-9d2ac187a6da', 5),
('fcbaa540-8992-4470-bb1f-6b95c4298d2a', '6791f464-eab9-4e18-a770-9d0b3b06cad6', '2dff654d-18d8-45a4-9148-4ba8b6bb2cb4', 7),
('f712230b-de14-4fd9-a18e-09740f95bb31', '6791f464-eab9-4e18-a770-9d0b3b06cad6', 'd66162d7-805d-4bbd-9d94-b832e3b657ff', 1),
('249322b5-f26a-4c56-836d-3e4425cd8b31', '6791f464-eab9-4e18-a770-9d0b3b06cad6', '7c11a309-8e07-4181-8f12-918e471ea6eb', 9),
('fb344aa9-9ebf-4349-84ab-b9b56469bbc2', 'b4270567-08f6-4c8b-b534-187911a217a2', 'b1f6bec8-fe98-4999-b348-553cd52b3f5d', 10),
('d1780738-b26a-4c85-bacf-ffb89e232194', 'b4270567-08f6-4c8b-b534-187911a217a2', '3fc9b610-bb85-4895-9a74-486ec4e0b2a0', 6),
('8747a070-4296-4935-9b20-928281ee8182', '9cbc4fbf-bf8e-4a04-a09e-faa8d7e4cc43', '3ae2eff5-966f-4627-8a39-6046efe120b9', 10),
('dd763d56-8670-4e09-9d7e-421769e3b8bc', '9cbc4fbf-bf8e-4a04-a09e-faa8d7e4cc43', '069775d4-da5d-4d2d-9803-d82db1829614', 8),
('a19dcac2-40e5-4494-844c-7533bb0fcafa', '9cbc4fbf-bf8e-4a04-a09e-faa8d7e4cc43', '82774e6a-2da0-4ac4-b728-c76faf2012ae', 6),
('a5c10f48-2abb-4733-be6d-3b4965ba5ac4', '6e05a766-d62a-4942-8ef3-3d0997aa70ed', 'd5148ee7-e553-483c-ac9e-2bdb1a9555d5', 5),
('0a694605-e4bd-4f7c-b3a4-e7f4e3e65e74', '6e05a766-d62a-4942-8ef3-3d0997aa70ed', 'd8dfdbc1-b4bc-454a-99f0-a7d80ba1e95d', 5),
('391efbcf-5f46-4d49-9f06-02591bcb26a3', 'ed547da6-718c-43fd-9c6a-592fbbe1137e', 'cffea02d-0a06-4b01-84a2-2feaed4b0a13', 5),
('3bbc984e-4556-429c-b616-ec9a993d6757', 'ed547da6-718c-43fd-9c6a-592fbbe1137e', '69e2de04-518e-46ce-bdf8-e7e50dc9a83d', 5),
('a4fbca8b-3e59-428a-b2db-19604c2afe2b', 'ed547da6-718c-43fd-9c6a-592fbbe1137e', 'fae93538-f524-4f8b-8e5f-06b856f7b44a', 6),
('168ad35c-fd92-4c3a-8c49-5582ad08f751', '442e7a99-8141-4d47-9774-e3acd68fb04c', '89a48805-1189-45c1-b561-0caa92b6e258', 7),
('da233cad-e8e5-4499-9a2f-55d28fa881de', '442e7a99-8141-4d47-9774-e3acd68fb04c', '05c942ef-4c70-426e-af82-672bf2930052', 5),
('91938c7a-207c-4338-83e0-1e4ba8b9b2c2', '442e7a99-8141-4d47-9774-e3acd68fb04c', '3fc9b610-bb85-4895-9a74-486ec4e0b2a0', 2),
('53a1829d-06c5-4d7e-991c-466d003cd63c', '442e7a99-8141-4d47-9774-e3acd68fb04c', '494302c4-d92f-48b8-abbe-0ff108df38f1', 8),
('d425536c-e810-405f-a310-6dc63e725b02', '442e7a99-8141-4d47-9774-e3acd68fb04c', '0da2683a-0ee8-4aa6-afbe-64c50836647f', 10),
('3bf6e8f7-d32d-4a64-922b-15387963c20c', '1a6299bd-7cf2-4dd2-92f1-d51a139a39eb', 'a0dd2d60-d88d-46b4-b5a6-ba3351b5cd0f', 7),
('620f3622-7517-4dba-9921-b710fcf98507', '1a6299bd-7cf2-4dd2-92f1-d51a139a39eb', '51b00103-2836-4c1e-92c7-8a0d120b2c28', 7),
('c7246b2f-fc65-4481-9a18-eebc9f2bfd0a', '2095224b-c427-458c-87f9-712f83b8a00a', '7c353663-d8b3-422a-a7ff-5abb46c12de9', 10),
('6ef1ed8a-f064-4710-9a9e-7d246ef74c53', '2095224b-c427-458c-87f9-712f83b8a00a', '70cc7174-0aab-429a-a203-c09afa929e87', 6),
('d1b6fd4f-5d1a-41fd-a2dd-c2ca7e15a607', '2095224b-c427-458c-87f9-712f83b8a00a', '5f9300b3-5c7c-474c-bf3d-f3e192f9275b', 5),
('ad8b5e2c-0231-47fb-aa33-c802d4fb8753', '574d6e6f-0dca-4a93-924c-eb74dd68e779', 'd3243eda-1835-4d9c-8dc8-e98392c80ecc', 5),
('b0acbe81-41c6-4c3d-a98b-38b9aba13feb', '574d6e6f-0dca-4a93-924c-eb74dd68e779', '69e2de04-518e-46ce-bdf8-e7e50dc9a83d', 9),
('4e31f2d1-47d5-4d7b-901b-2e28f1a60010', '574d6e6f-0dca-4a93-924c-eb74dd68e779', '3fc9b610-bb85-4895-9a74-486ec4e0b2a0', 7),
('fd71913b-963e-4bb5-acad-5cabcadc26ee', '574d6e6f-0dca-4a93-924c-eb74dd68e779', '2248e0b5-29da-497f-8acc-1dc2b5da05cb', 3),
('5ede77bc-7247-474c-87b4-f3bf56c355b5', 'cf7327b3-b3bc-4a85-bcfa-8438eac459ac', 'd3c10749-390c-48d3-9475-e6319ddff119', 10),
('c6254bf1-0416-484b-bab1-1cc7e3461bc7', 'cf7327b3-b3bc-4a85-bcfa-8438eac459ac', 'e64b6d4e-6da0-4adb-96db-ca78d8678669', 3),
('360c71b5-c762-4243-a653-440fca62d1d3', 'cf7327b3-b3bc-4a85-bcfa-8438eac459ac', '1d549131-8234-47a4-a2e7-233950520370', 10),
('7a24cdc7-724a-4f0b-9cfd-d43605be22cf', 'cf7327b3-b3bc-4a85-bcfa-8438eac459ac', '5f9300b3-5c7c-474c-bf3d-f3e192f9275b', 10),
('369f2e72-b7b0-49a5-9c93-105f2fdab62b', '039f8901-2b86-46ec-b096-5eed7a957135', 'd3c10749-390c-48d3-9475-e6319ddff119', 3),
('833e095b-89ca-443c-95fc-a1384f708482', '039f8901-2b86-46ec-b096-5eed7a957135', '2aae260d-909e-4642-a3a5-e0ce283d9969', 10),
('c11bd70c-69ef-4a3f-9ca4-699ee9af3e10', '6f497cea-6e1d-43a1-a4af-780697b27707', 'dbe22539-eef9-4f65-960a-947e7349b631', 10),
('55d0d8f6-b9eb-47a8-bbca-442d479226aa', '6f497cea-6e1d-43a1-a4af-780697b27707', '61be0eb8-eb81-47a1-8b9a-40d0e0668441', 7),
('d4285c51-91e2-4afc-b638-ac705d3dbc13', '6f497cea-6e1d-43a1-a4af-780697b27707', '2935e856-308d-4ca6-987a-251d11dd5dc8', 10),
('5266b480-b33f-4c07-a93a-c0a338a05b82', '6f497cea-6e1d-43a1-a4af-780697b27707', 'a0dd2d60-d88d-46b4-b5a6-ba3351b5cd0f', 3),
('87c1ef6e-3197-41d7-ad97-5491feaaf527', '6f497cea-6e1d-43a1-a4af-780697b27707', 'c6a8ba2d-b832-4c12-9623-ece907dbd3f6', 3),
('b8112c94-f39c-4cea-89e9-42c54f6e5556', 'cacac5b1-159b-43af-9d6a-d374b9868fd2', '1ba9f825-ebfd-4af1-9c59-f78e9fdd9e03', 1),
('d068534d-f1e7-439e-ade1-01acd233e0ea', 'cacac5b1-159b-43af-9d6a-d374b9868fd2', 'ff33701e-e06b-447a-a74d-27e256d88cc5', 5),
('1997ccb7-bacd-45b6-b2fc-729e9ee17fb7', 'cacac5b1-159b-43af-9d6a-d374b9868fd2', 'a7b676bd-ae98-4f0c-8dbf-94db395b40f5', 7),
('5249b601-3cd3-4edb-b9cf-ed3b87ee7aa8', '0676d162-c405-4118-b182-e65f4c08fc55', '2d7d0f03-b372-4289-98c4-4b7fa65bd2a0', 3),
('8c3ae933-4f3e-42e1-bf0a-e4b47039e310', '0676d162-c405-4118-b182-e65f4c08fc55', 'd908cd79-f765-4154-b5aa-3c4ddf5a920c', 9),
('87d2f716-fb96-4055-b13d-329d51c4c83b', '0676d162-c405-4118-b182-e65f4c08fc55', '2935e856-308d-4ca6-987a-251d11dd5dc8', 5),
('8c0beed9-0be4-4cea-a593-087a88005e97', '0676d162-c405-4118-b182-e65f4c08fc55', '0da2683a-0ee8-4aa6-afbe-64c50836647f', 8),
('9151db48-ca9a-4aa4-a30b-24bc8ee1a703', '0676d162-c405-4118-b182-e65f4c08fc55', '935f9d89-d750-4231-bd4a-a8f19fc1c132', 8),
('274ca2d6-2fbf-41a7-97ac-ef48ecf7464a', 'e5fa4380-f027-47e7-baad-6a3bafa07d0c', '526ae071-be94-474e-91fe-7a9dddd93301', 9),
('918e9565-923b-41c3-ad7d-2f1f4b3df0b8', 'e5fa4380-f027-47e7-baad-6a3bafa07d0c', '7c353663-d8b3-422a-a7ff-5abb46c12de9', 9),
('cb3f5824-6b7d-40ac-bf44-ff1ff79b4607', 'e5fa4380-f027-47e7-baad-6a3bafa07d0c', 'fe9b688d-b170-4d1f-afd2-e435e400df41', 9),
('75a2f075-024f-446e-aa78-b896e59f51ac', 'e5fa4380-f027-47e7-baad-6a3bafa07d0c', '494302c4-d92f-48b8-abbe-0ff108df38f1', 7),
('9cc3aa69-b6af-4578-a08b-9abe3834e3f3', 'e5fa4380-f027-47e7-baad-6a3bafa07d0c', '4d657895-2f87-4ff4-933f-f44f3ef560a1', 9),
('4368f83b-68ca-40a9-a5b3-010403cbc6c6', '8fe15037-4b29-4e82-af16-cf4192f1304a', '576f3416-c048-4c6c-b189-2f6d84bac9e1', 1),
('f9574d50-df8f-4c22-81d0-d8eea77456da', '8fe15037-4b29-4e82-af16-cf4192f1304a', '40f7a008-fa4d-4494-8632-50c5b35ccddb', 7),
('159efc2a-37d0-4347-870b-9a6d538d47bc', '8fe15037-4b29-4e82-af16-cf4192f1304a', 'f1da61f2-7b55-48ea-b2e5-2b150cfc0db5', 1),
('dbf65daf-4245-4606-b664-6c9116b8dd0c', '8fe15037-4b29-4e82-af16-cf4192f1304a', 'fae93538-f524-4f8b-8e5f-06b856f7b44a', 8),
('6bf2c83d-fead-42da-98f1-e069f1703a89', '8fe15037-4b29-4e82-af16-cf4192f1304a', 'f99b422e-ba83-41c1-8b7f-bccd1cd72517', 7),
('f9778975-9764-460d-a739-1808630b5b8d', '7dba74bd-88ca-4581-9f59-0753ff792747', 'b1f6bec8-fe98-4999-b348-553cd52b3f5d', 5),
('82b14eb4-c1c0-4e10-8a40-6d341bad2262', '7dba74bd-88ca-4581-9f59-0753ff792747', '1d6a775d-088a-49e4-b354-4754ebea6748', 2),
('80cc833a-2f4d-4474-a05f-ce6c7a9d05d3', '7dba74bd-88ca-4581-9f59-0753ff792747', '03bbc272-f2b6-4116-a2b0-8d1057c0d36a', 4),
('ad116e7f-e208-49c3-9158-77aa4bea02bb', '7dba74bd-88ca-4581-9f59-0753ff792747', 'fd1834d6-f969-45ea-841c-c10f254b03e9', 7),
('b584797f-3f6c-443d-9e8f-7e865946bd51', '3b41de9c-32d6-4a51-95bd-be93ef3593f7', 'fae93538-f524-4f8b-8e5f-06b856f7b44a', 1),
('52d63762-db75-4d8f-9602-5a5792ae8f44', '2d22e572-0926-45b6-abed-a798f016e7fc', 'b1f6bec8-fe98-4999-b348-553cd52b3f5d', 9),
('4d395190-cb87-469d-adfc-6012cbafa39a', '2d22e572-0926-45b6-abed-a798f016e7fc', '2935e856-308d-4ca6-987a-251d11dd5dc8', 8),
('03b314c3-6b04-4ad5-9fe5-540688cbe36d', '3aea0a05-24c8-4b64-92b2-1dbc7d439655', '01440d47-e2ff-473b-b3f6-309d57cff6ad', 4),
('f5eb1bbb-b4a7-4b7e-b8da-6b0f9192481a', '0005cbec-6fe5-4225-ab4c-298c81fec8a0', '7ebec18c-b242-449c-85b1-9d2ac187a6da', 4),
('c29b2b22-79d8-4273-a089-fac940bb53c5', '60247e17-1fc6-4f19-bda3-f2749b515593', 'cf3f4bd1-5afd-4ae7-bd4b-9db7bf37959c', 5),
('a4d0ec7e-573a-465b-966e-eec46e2d86b4', '60247e17-1fc6-4f19-bda3-f2749b515593', '5f9300b3-5c7c-474c-bf3d-f3e192f9275b', 8),
('d57cb5af-9d58-4ad6-a816-2bc12522399f', '60247e17-1fc6-4f19-bda3-f2749b515593', '576f3416-c048-4c6c-b189-2f6d84bac9e1', 3),
('7ddbf5d3-493b-45b2-a2bf-66f1a8b3c13c', '60247e17-1fc6-4f19-bda3-f2749b515593', '2650fec4-d003-4a30-b479-4fe036ae14ba', 10),
('ffbf31dc-ec65-4bd0-84ec-4e284ab92897', '3f7089c7-a226-4df0-bb19-7d2fa0120b02', '202d5224-292e-459d-a076-b1d16772d77e', 7),
('e133c0f1-a464-4e85-b50f-2aa85c80b32a', '3f7089c7-a226-4df0-bb19-7d2fa0120b02', 'f1a2ac64-08e6-4f54-83ec-a9383c03d22f', 1),
('8a93391b-1a45-4c3d-9ac6-d411d6072dd9', '3f7089c7-a226-4df0-bb19-7d2fa0120b02', '2248e0b5-29da-497f-8acc-1dc2b5da05cb', 8),
('9893547f-2177-492a-bd7f-4e6cb8770f6b', '3f7089c7-a226-4df0-bb19-7d2fa0120b02', 'ff33701e-e06b-447a-a74d-27e256d88cc5', 4),
('ed9289c8-eb81-4ac4-be51-b97a7f29b0d1', 'e6e4b784-493f-4c36-97ef-72409d9dafbf', 'd5148ee7-e553-483c-ac9e-2bdb1a9555d5', 3),
('cd2f056a-476d-42fb-8e0a-7d9ebc8a95c1', 'e6e4b784-493f-4c36-97ef-72409d9dafbf', 'fd170ff7-af3a-4adc-ab76-357b2a0e2b12', 10),
('ce11d678-8729-42c3-81d0-d07333d6db9a', 'e6e4b784-493f-4c36-97ef-72409d9dafbf', 'c2f9f099-3619-4e33-b1f5-02271e509ac6', 7),
('d7b8cb65-da48-4ec3-a254-236784e12d06', 'e8381c7c-aba4-49eb-9a3f-bc01367fa99d', 'b04af425-a61e-4b50-8eb2-a7390908b8d1', 1),
('99d79496-8a6d-4039-b6fd-2041f94163c0', 'e8381c7c-aba4-49eb-9a3f-bc01367fa99d', 'e2cf671f-4a93-4fa1-9bbe-623fb294dde3', 6),
('d3b21fc0-2854-49a6-8b50-dbd24b9e4b61', 'e8381c7c-aba4-49eb-9a3f-bc01367fa99d', '9cb61847-9c3d-44dd-8853-31b5c3c4d30c', 5),
('bab4e030-b3fa-4de2-86ca-4622e439d674', 'e8381c7c-aba4-49eb-9a3f-bc01367fa99d', '50d1fe01-c303-42c2-930c-9cc34ebbe8c1', 4),
('65a1c132-262a-482c-a6b5-87c4b8e8365b', 'e8381c7c-aba4-49eb-9a3f-bc01367fa99d', '05c942ef-4c70-426e-af82-672bf2930052', 7),
('dc6f2001-821b-4d08-899a-1dd2ca185634', 'ea036d7f-4202-4d68-a751-189c215571ae', '712d7827-cf84-4273-b854-1875a0d889a1', 7),
('bbf38e15-08d4-42b3-9c1d-1f5f419b893e', 'ea036d7f-4202-4d68-a751-189c215571ae', '0da2683a-0ee8-4aa6-afbe-64c50836647f', 9),
('584686c5-3778-44c7-a458-8c8a7f197542', 'a1875f15-f778-4d5a-aad3-e4224b53d768', 'd908cd79-f765-4154-b5aa-3c4ddf5a920c', 2),
('967ecc96-3927-4a4a-9be4-e799310a3683', 'a1875f15-f778-4d5a-aad3-e4224b53d768', 'a7b676bd-ae98-4f0c-8dbf-94db395b40f5', 1),
('6dc073f6-fe88-4b91-a403-cf42cb0fdded', 'a1875f15-f778-4d5a-aad3-e4224b53d768', '7843a8a8-98df-41c5-9254-a0c813703a52', 8),
('10528876-a442-47b5-bcee-db71501e263e', 'a1875f15-f778-4d5a-aad3-e4224b53d768', 'bae884c2-f6e6-4b09-b71f-1efcda587516', 10),
('2a7b7bf2-b8c1-4cd2-99a2-fbcaba4a2170', '0196d8c6-2aff-41c1-9826-eb0855eda43b', 'fe72eb9a-3714-45f9-bbb1-94eb02ce7253', 1),
('bf02c7bc-96c1-4484-a031-432d4d5d45fe', '704c5c5a-b64f-42e0-a1c4-e281d03fec1c', 'fd170ff7-af3a-4adc-ab76-357b2a0e2b12', 5),
('0c814cd4-78fa-4261-ac7f-5e26a18539d8', '704c5c5a-b64f-42e0-a1c4-e281d03fec1c', 'f99b422e-ba83-41c1-8b7f-bccd1cd72517', 6),
('7e85388a-e643-4930-bde8-30f91a92b355', '704c5c5a-b64f-42e0-a1c4-e281d03fec1c', 'ff33701e-e06b-447a-a74d-27e256d88cc5', 8),
('7def3b98-8c3c-4757-9c67-aa1dcd218d1e', '704c5c5a-b64f-42e0-a1c4-e281d03fec1c', '17cec8b3-e5f1-44a5-85db-83104166d7f5', 10),
('326b372e-8b6f-4b78-97ee-a50817812086', '704c5c5a-b64f-42e0-a1c4-e281d03fec1c', '01440d47-e2ff-473b-b3f6-309d57cff6ad', 9),
('7db0d8ce-2c31-4af7-8975-b7f0a50c5068', '2f392dd8-b5d0-4b31-8833-d4c29f7dd71c', 'fae93538-f524-4f8b-8e5f-06b856f7b44a', 3),
('1afea334-5337-46b6-9517-e03915bac99c', '2f392dd8-b5d0-4b31-8833-d4c29f7dd71c', 'fd1834d6-f969-45ea-841c-c10f254b03e9', 7),
('d1b9166c-2f3d-4b57-9fdf-c79b1734a5e8', '2f392dd8-b5d0-4b31-8833-d4c29f7dd71c', '2650fec4-d003-4a30-b479-4fe036ae14ba', 2),
('7f9354d2-7d80-42f2-a1dd-2c9339053ca4', 'd7ff4588-191b-440c-af0d-60d0ee924d10', 'b926989b-5113-40d8-a977-5a6481b2d416', 2),
('e04664e2-7c7f-4a31-90ec-710e10dd6461', 'd7ff4588-191b-440c-af0d-60d0ee924d10', 'f454ddf0-97ca-4a9c-9d49-4db1ecc6d725', 5),
('24a038f6-d138-48e3-b624-37356df60393', 'bc3bfb08-74cf-40b2-98a4-f8120dfe4d0a', 'd5148ee7-e553-483c-ac9e-2bdb1a9555d5', 8),
('91e78eec-93d2-4f01-9210-e19111af6ce6', 'bc3bfb08-74cf-40b2-98a4-f8120dfe4d0a', '19bbb030-519b-4917-b8d5-35cfffc3608d', 9),
('b7ec76ce-f7e9-440e-ac24-02188ded09f7', '3a5d02d8-b425-4668-a41b-8b22f5938bcc', 'fd170ff7-af3a-4adc-ab76-357b2a0e2b12', 10),
('d57a1d79-7159-4b53-a1b6-cbe28e8cfacc', '3a5d02d8-b425-4668-a41b-8b22f5938bcc', '202d5224-292e-459d-a076-b1d16772d77e', 1),
('d21aa63c-ff47-493f-92d8-cb61252235d5', '3a5d02d8-b425-4668-a41b-8b22f5938bcc', 'a3dec4b4-a230-45ef-9ed8-b281bd7152ea', 10),
('c4abbcd1-bc98-49e8-8b53-67dfc4433c48', 'eea8b03c-e923-4c46-bd33-4569f971d7b9', '89a48805-1189-45c1-b561-0caa92b6e258', 9),
('d0c8b525-11c6-47db-b3d8-8df69750c2f6', '3d8f0bd6-d65b-413e-82a5-7c8806a2cb9e', 'ad7992f7-8e83-4a4c-931a-8c7846a7bad1', 2),
('27205078-d429-4cc1-bcde-bfb82fd34678', '3d8f0bd6-d65b-413e-82a5-7c8806a2cb9e', '2aae260d-909e-4642-a3a5-e0ce283d9969', 3),
('384a4491-ff20-44b7-914b-2352585690aa', '3d8f0bd6-d65b-413e-82a5-7c8806a2cb9e', '8bcc77c9-f1e5-4e77-8288-391224ffc955', 3),
('cbf8f2fb-99cd-4d69-bcb5-4a8501dac6d5', '3d8f0bd6-d65b-413e-82a5-7c8806a2cb9e', '494302c4-d92f-48b8-abbe-0ff108df38f1', 2),
('f2a1b78f-8abc-4c7c-af5f-eb3ec73f9387', '3d8f0bd6-d65b-413e-82a5-7c8806a2cb9e', 'fd1834d6-f969-45ea-841c-c10f254b03e9', 1),
('49cc4ada-8d6e-4dca-8edb-bbd996a145a3', '56b39900-b07e-4155-9799-538f4ead6034', 'fd1834d6-f969-45ea-841c-c10f254b03e9', 3),
('f40da404-f2a9-4976-9e35-de79cd27e68a', '56b39900-b07e-4155-9799-538f4ead6034', 'fae93538-f524-4f8b-8e5f-06b856f7b44a', 6),
('d2c8140a-bae9-431d-86c2-53dd348b6560', '13d9d59a-923e-42d2-aa4e-17333202778f', '3ae2eff5-966f-4627-8a39-6046efe120b9', 7),
('a2be9aaf-2d68-4c83-8df8-f47ae50d925a', '13d9d59a-923e-42d2-aa4e-17333202778f', '51b00103-2836-4c1e-92c7-8a0d120b2c28', 8),
('f518a88c-bb29-4d4d-92be-3b0693f95704', '55a1509b-c6c7-4fe9-b6a1-2587ccddd164', '50d1fe01-c303-42c2-930c-9cc34ebbe8c1', 6),
('81243909-5144-4088-b7a4-c69a2541d07a', '55a1509b-c6c7-4fe9-b6a1-2587ccddd164', 'a8fcb5cb-eb49-4912-a2cd-48417b6d2c41', 10),
('bbdbb7cf-2468-4fd5-b319-598c0dc33091', '55a1509b-c6c7-4fe9-b6a1-2587ccddd164', '8bcc77c9-f1e5-4e77-8288-391224ffc955', 4),
('f947ffb9-2f68-4850-b21e-460568b9e01e', '55a1509b-c6c7-4fe9-b6a1-2587ccddd164', 'f2c5d796-ca59-4c26-a313-91ab8a40e8b6', 7),
('6cf12b40-7bda-4a44-a98a-a44296d4bafe', '55a1509b-c6c7-4fe9-b6a1-2587ccddd164', '7843a8a8-98df-41c5-9254-a0c813703a52', 3),
('4a988777-ab2a-4525-a8ce-554681c6ed83', 'b33807fe-7643-4101-817b-e50052cec16f', '4b18c99a-8369-4695-b795-5e62fe060116', 10),
('d3f6bf5f-4c34-424b-9bc4-3f37e9598175', 'b33807fe-7643-4101-817b-e50052cec16f', 'fe9b688d-b170-4d1f-afd2-e435e400df41', 2),
('e25ae672-fffa-42c4-980b-f64e8396fcdc', 'e0bccbe2-39e7-4908-b7d8-2e3cfc6e2f3b', 'a21c4903-d983-4ed9-9b34-821c3b51285b', 4),
('95b17af8-eec2-4086-84f3-4644b97fa448', '92499887-b6e4-4c75-a9fe-7b84eee32718', '069775d4-da5d-4d2d-9803-d82db1829614', 10),
('8f2e316a-69c1-4cfe-aacf-a8549eb957f1', '67da03db-56db-474d-bd42-6da250a33dc8', '5f9300b3-5c7c-474c-bf3d-f3e192f9275b', 8),
('8ea6b7d7-c525-4908-8985-7fd882be076d', '67da03db-56db-474d-bd42-6da250a33dc8', 'f454ddf0-97ca-4a9c-9d49-4db1ecc6d725', 2),
('9271e14e-2e57-49d9-95ce-8f68ce1274d3', '67da03db-56db-474d-bd42-6da250a33dc8', '2adfae29-dcc1-49fd-9a18-ef7ba0a0073a', 2),
('a064266c-235f-4f96-8efa-ef4144abbe4a', '67da03db-56db-474d-bd42-6da250a33dc8', 'b04af425-a61e-4b50-8eb2-a7390908b8d1', 6),
('c8ef5499-ca34-4c1b-b771-711cd953a121', '67da03db-56db-474d-bd42-6da250a33dc8', '37282bfd-e1a0-4b87-a719-903b111ea3d0', 5),
('e8aa7bd4-63db-4002-8d2d-95c5c0b47c5d', '682d3071-bad7-47fc-96a4-e0ad4432646a', 'fe72eb9a-3714-45f9-bbb1-94eb02ce7253', 4),
('67e21f97-3cfc-4de3-9341-9454a6697336', '682d3071-bad7-47fc-96a4-e0ad4432646a', 'fe72eb9a-3714-45f9-bbb1-94eb02ce7253', 6),
('701082de-a89d-46f5-a81a-508c65af5496', '682d3071-bad7-47fc-96a4-e0ad4432646a', '2dff654d-18d8-45a4-9148-4ba8b6bb2cb4', 6),
('3bc90fd1-b084-425b-b65f-76ec92ac9175', 'bec90cce-c83d-42a5-9743-e35bfd369bcf', '615acb32-39a8-4b0d-97af-718ee46b1722', 4),
('c84bc8c6-8682-4502-92c5-48074637dfd6', '17fb06bc-1c29-44fe-93ae-fb9ee2f5b8fc', '28f38e9e-1328-4971-9e10-ebc4cbf20117', 5),
('02b7e9aa-61c1-47ce-b370-41d427951514', '5eb76a94-2024-441c-93a1-355baa109a14', '2935e856-308d-4ca6-987a-251d11dd5dc8', 3),
('0645c679-a028-45cb-99c5-fff3af895dea', '5eb76a94-2024-441c-93a1-355baa109a14', '615acb32-39a8-4b0d-97af-718ee46b1722', 8),
('2645afd6-ecf2-4bcc-9c6c-ac03e0f54c93', '5eb76a94-2024-441c-93a1-355baa109a14', '70cc7174-0aab-429a-a203-c09afa929e87', 8),
('cb511190-f9f3-449b-99d9-f0dc5c5285c4', '5eb76a94-2024-441c-93a1-355baa109a14', '102ebce7-204c-4341-872a-c69d25a792a8', 2),
('b280d5e7-aeff-4aa8-9831-a94a5651690c', '0fdd13f2-5986-41e8-b74a-5ebaea02e6af', 'bae884c2-f6e6-4b09-b71f-1efcda587516', 8),
('924418ef-15fa-4c6d-a969-e824c9f8aae4', '0fdd13f2-5986-41e8-b74a-5ebaea02e6af', '2adfae29-dcc1-49fd-9a18-ef7ba0a0073a', 3),
('d1fdf230-7f44-4fa9-90ac-fbad71805d00', '0fdd13f2-5986-41e8-b74a-5ebaea02e6af', 'f99b422e-ba83-41c1-8b7f-bccd1cd72517', 8),
('05be4467-463f-4ed6-86c6-c45acc586831', 'd6944a1b-d21e-44fb-b542-d0ebc9687169', '2650fec4-d003-4a30-b479-4fe036ae14ba', 1),
('8b2437cf-dce2-4b55-ac8d-ef331c355e55', 'd6944a1b-d21e-44fb-b542-d0ebc9687169', 'fe9b688d-b170-4d1f-afd2-e435e400df41', 6),
('048a3461-50ee-4aea-a21e-103e6c9b2544', 'd6944a1b-d21e-44fb-b542-d0ebc9687169', 'a21c4903-d983-4ed9-9b34-821c3b51285b', 7),
('aae0b0f6-ede7-4098-a66e-b2306903478d', 'd6944a1b-d21e-44fb-b542-d0ebc9687169', 'bae884c2-f6e6-4b09-b71f-1efcda587516', 2),
('e9079bfb-ed6c-40a6-9a39-f4864644fb4e', 'e14c8b61-34b7-4471-8328-2a9e940cfeed', 'f1a2ac64-08e6-4f54-83ec-a9383c03d22f', 1),
('1c20fbfb-9a2b-4616-9355-bcfabbf80e0f', 'e14c8b61-34b7-4471-8328-2a9e940cfeed', '28170911-025c-468c-98cb-19136446585b', 7),
('95497825-0edc-4b1f-9b12-a39116efbcfd', 'e14c8b61-34b7-4471-8328-2a9e940cfeed', 'fd170ff7-af3a-4adc-ab76-357b2a0e2b12', 10),
('a130193d-5f03-4445-acc3-b1d654c3e356', 'e14c8b61-34b7-4471-8328-2a9e940cfeed', '9b0ab370-ee35-4056-8665-ca1182a420ef', 2),
('a4071e04-5855-4e04-b203-236c5be1d269', '3dd9d42f-4fb3-4210-b54d-5712efa47858', '8512f706-50b0-4a41-abc8-585fc4a51eed', 8),
('f465cccf-08ed-4fb1-a564-97aa9986624c', '3dd9d42f-4fb3-4210-b54d-5712efa47858', '9b0ab370-ee35-4056-8665-ca1182a420ef', 10),
('e7f00786-11b1-4b90-89de-c7d0052adf92', '3dd9d42f-4fb3-4210-b54d-5712efa47858', 'fd1834d6-f969-45ea-841c-c10f254b03e9', 10),
('185a8561-6ba5-496a-86b7-3696e60ffb10', '3dd9d42f-4fb3-4210-b54d-5712efa47858', '17cec8b3-e5f1-44a5-85db-83104166d7f5', 10),
('dbcd4335-4f69-4b46-b08b-e5fd09f827fe', 'd8056c0c-056d-46cc-b086-f3cffa5c72fa', 'fd170ff7-af3a-4adc-ab76-357b2a0e2b12', 2),
('2921a863-49d3-4038-b6ac-9bf473f7b5c4', 'a5d050e3-7fc7-47ee-acb3-392fcd6cf196', '202d5224-292e-459d-a076-b1d16772d77e', 2),
('53969ff2-5fb7-430f-88d2-afc637e64ef9', 'a5d050e3-7fc7-47ee-acb3-392fcd6cf196', 'f1a2ac64-08e6-4f54-83ec-a9383c03d22f', 1),
('5a391c3e-b72d-4066-a729-e70ce7ad71e0', 'a5d050e3-7fc7-47ee-acb3-392fcd6cf196', '82774e6a-2da0-4ac4-b728-c76faf2012ae', 8),
('0d0c75b8-1a00-43f9-b558-ba3eea69e2e7', 'a5d050e3-7fc7-47ee-acb3-392fcd6cf196', '28f38e9e-1328-4971-9e10-ebc4cbf20117', 7),
('15f357d2-c833-4459-ab65-50646dcfdf62', '74beb6bd-5768-4769-849f-e9e72bbd495a', 'c2f9f099-3619-4e33-b1f5-02271e509ac6', 7),
('08eb520c-80a5-4f5f-8e2d-7fe0037a0fac', '74beb6bd-5768-4769-849f-e9e72bbd495a', 'a7b676bd-ae98-4f0c-8dbf-94db395b40f5', 6),
('fc0116eb-7bc5-4a94-90dd-717f977cdbb5', '74beb6bd-5768-4769-849f-e9e72bbd495a', 'f2c5d796-ca59-4c26-a313-91ab8a40e8b6', 8),
('bb99382e-1cfd-49da-b5ee-5b787ec17ceb', '379f1bf7-0e77-4a33-adb4-20e75fb7a159', '50d1fe01-c303-42c2-930c-9cc34ebbe8c1', 5),
('a6796762-1c77-405a-a146-f132a310b38c', '379f1bf7-0e77-4a33-adb4-20e75fb7a159', 'd3243eda-1835-4d9c-8dc8-e98392c80ecc', 6),
('3f456d6b-3d38-409f-8c45-8a8cdd1a0a8b', '379f1bf7-0e77-4a33-adb4-20e75fb7a159', 'e52b9a12-a976-4f4d-b961-db1eb9250b4a', 4),
('4c26e100-9505-486e-9384-f7804c13cde3', '379f1bf7-0e77-4a33-adb4-20e75fb7a159', 'c2f9f099-3619-4e33-b1f5-02271e509ac6', 5);
